# Blender 4.1.0
# www.blender.org
mtllib house_large.mtl
o house_large
v -0.922220 3.759454 1.340060
v 0.929294 3.759454 1.340060
v -0.922220 3.882730 1.858250
v 0.929294 3.882730 1.858250
v 0.929294 4.010194 1.805228
v -0.922220 4.010194 1.805260
v 0.929294 4.062992 1.677225
v -0.922220 4.062992 1.677332
v -0.922220 4.062992 1.520978
v 0.929294 4.062992 1.521085
v 0.929294 4.010194 1.393081
v -0.922220 4.010194 1.393050
v 0.929294 3.882730 1.340060
v -0.922220 3.882730 1.340060
v -0.922220 3.596049 1.858250
v 0.929294 3.596049 1.858250
v 0.558991 3.759454 1.192871
v 0.188688 3.759454 1.192871
v -0.181615 3.759454 1.192871
v -0.551917 3.759454 1.192871
v -0.551916 3.911545 2.002590
v -0.181613 3.911545 2.002590
v 0.188689 3.911545 2.002590
v 0.558992 3.911545 2.002590
v 0.558995 4.114417 1.909168
v 0.188692 4.114417 1.909175
v -0.181611 4.114416 1.909182
v -0.551914 4.114416 1.909188
v 0.558993 4.207373 1.705861
v 0.188691 4.207373 1.705883
v -0.181612 4.207372 1.705905
v -0.551915 4.207372 1.705927
v -0.551915 4.207372 1.492383
v -0.181612 4.207373 1.492405
v 0.188691 4.207373 1.492427
v 0.558993 4.207373 1.492449
v 0.558995 4.114417 1.289141
v 0.188692 4.114417 1.289134
v -0.181611 4.114416 1.289128
v -0.551914 4.114416 1.289122
v 0.558992 3.911545 1.195719
v 0.188689 3.911545 1.195719
v -0.181613 3.911545 1.195719
v -0.551916 3.911545 1.195719
v -0.551917 3.596049 2.005439
v -0.181615 3.596049 2.005439
v 0.188688 3.596049 2.005439
v 0.558991 3.596049 2.005439
v 0.558991 3.759454 1.340060
v 0.188688 3.759454 1.340060
v -0.181615 3.759454 1.340060
v -0.551917 3.759454 1.340060
v -0.551917 3.882730 1.858250
v -0.181615 3.882730 1.858250
v 0.188688 3.882730 1.858250
v 0.558991 3.882730 1.858250
v 0.558991 4.010194 1.805235
v 0.188688 4.010194 1.805241
v -0.181615 4.010194 1.805247
v -0.551917 4.010194 1.805253
v 0.558991 4.062992 1.677246
v 0.188688 4.062992 1.677268
v -0.181615 4.062992 1.677289
v -0.551917 4.062992 1.677311
v -0.551917 4.062992 1.520999
v -0.181615 4.062992 1.521021
v 0.188688 4.062992 1.521042
v 0.558991 4.062992 1.521063
v 0.558991 4.010194 1.393075
v 0.188688 4.010194 1.393068
v -0.181615 4.010194 1.393063
v -0.551917 4.010194 1.393056
v 0.558991 3.882730 1.340060
v 0.188688 3.882730 1.340060
v -0.181615 3.882730 1.340060
v -0.551917 3.882730 1.340060
v -0.551917 3.596049 1.858250
v -0.181615 3.596049 1.858250
v 0.188688 3.596049 1.858250
v 0.558991 3.596049 1.858250
v -0.822389 3.759454 1.192871
v -0.892980 3.759454 1.222319
v 0.829462 3.759454 1.192871
v 0.900054 3.759454 1.222321
v -0.822388 3.911545 2.002590
v -0.892979 3.905684 1.973233
v 0.829464 3.911545 2.002590
v 0.900055 3.905684 1.973232
v 0.829466 4.114417 1.909164
v 0.900057 4.092421 1.887228
v -0.822385 4.114416 1.909193
v -0.892977 4.092420 1.887259
v 0.829465 4.207373 1.705845
v 0.900056 4.178010 1.700022
v -0.822387 4.207372 1.705943
v -0.892978 4.178008 1.700127
v -0.822387 4.207372 1.492367
v -0.892978 4.178010 1.498182
v 0.829465 4.207373 1.492464
v 0.900056 4.178013 1.498287
v 0.829466 4.114417 1.289145
v 0.900057 4.092425 1.311078
v -0.822385 4.114416 1.289117
v -0.892977 4.092424 1.311047
v 0.829464 3.911545 1.195719
v 0.900055 3.905687 1.225067
v -0.822388 3.911545 1.195719
v -0.892979 3.905687 1.225065
v -0.822389 3.596049 2.005439
v -0.892980 3.596049 1.976057
v 0.829462 3.596049 2.005439
v 0.900054 3.596049 1.976055
v 2.102705 0.919285 1.858248
v -2.102705 0.919285 1.858248
v 2.102705 0.384189 1.858248
v -2.102705 0.384189 1.858248
v -2.341496 -0.307034 1.858248
v -2.341496 -0.307034 -1.861130
v 2.341495 -0.307034 1.858248
v 1.271868 -0.307034 -2.099919
v -2.341495 0.314216 -1.861130
v -2.271495 0.384189 -1.861130
v 1.201895 0.384189 -2.029945
v 1.271868 0.314216 -2.099919
v -2.102705 -0.038521 -1.861130
v 1.033079 -0.038521 -1.861130
v -2.102705 0.384189 -1.861130
v 1.033079 0.384189 -1.861130
v 0.652964 0.384189 -3.222349
v -1.658833 0.384189 -3.222349
v 1.033079 0.384189 -2.845328
v -2.102705 0.384189 -2.845328
v -1.658833 -0.307034 -3.461140
v -2.341496 -0.307034 -2.845328
v 1.271868 -0.307034 -2.845328
v 0.652964 -0.307034 -3.461140
v 0.652964 0.384189 -3.391166
v 0.652964 0.314216 -3.461140
v -1.658833 0.384189 -3.391166
v -1.658833 0.314216 -3.461140
v -2.271522 0.384189 -2.845328
v -2.341495 0.314216 -2.845328
v 1.271868 0.314216 -2.845328
v 1.201895 0.384189 -2.845328
v -2.102705 0.825486 -1.861130
v 1.033079 0.825486 -1.861130
v 0.939279 0.919285 -1.861130
v 0.746763 0.919285 -1.861130
v 0.652964 0.825486 -1.861130
v 0.652964 0.825486 -3.222349
v 0.652964 0.919285 -3.128551
v -1.658833 0.825486 -1.861130
v -1.752632 0.919285 -1.861130
v -1.658833 0.825486 -3.222349
v -1.658833 0.919285 -3.128551
v 0.939279 0.919285 -2.845328
v 1.033079 0.825486 -2.845328
v -2.008906 0.919285 -2.845328
v -2.102705 0.825486 -2.845328
v 0.746763 0.919285 -2.939127
v 0.652964 0.825486 -2.845328
v -1.658833 0.825486 -2.845328
v -1.752632 0.919285 -2.939127
v 1.033079 2.446101 1.858248
v 1.033079 0.919285 3.222351
v 0.652964 0.919285 3.222351
v 0.652964 2.446101 1.858248
v -1.658833 0.919285 3.222351
v -1.658833 2.446101 1.858248
v 1.033079 0.384189 3.222351
v 0.652964 0.384189 3.222351
v -1.658833 0.384189 3.222351
v 1.033079 -0.307034 3.461141
v 0.652964 -0.307034 3.461141
v -1.658833 -0.307034 3.461141
v -2.073209 2.336019 1.858248
v -1.992624 2.416604 1.858248
v 1.882542 2.446101 1.858248
v 1.992624 2.416604 1.858248
v 2.073223 2.335968 1.858248
v 1.033079 2.446101 3.002188
v 1.033079 2.225937 3.222351
v 1.033079 2.416604 3.112269
v 1.033079 2.336019 3.192855
v 0.652964 2.446101 3.002188
v 0.652964 2.225937 3.222351
v 0.652964 2.416604 3.112269
v 0.652964 2.336019 3.192855
v -1.658833 2.225937 3.222351
v -1.658833 2.336019 3.192855
v -1.658833 2.416604 3.112269
v 2.271522 0.384189 1.858248
v 2.341495 0.314216 1.858248
v -2.341495 0.314216 1.858248
v -2.271522 0.384189 1.858248
v 1.033079 0.314216 3.461141
v 1.033079 0.384189 3.391167
v 0.652964 0.314216 3.461141
v 0.652964 0.384189 3.391167
v -1.658833 0.384189 3.391167
v -1.658833 0.314216 3.461141
v -2.102705 2.446101 1.240526
v 2.102705 2.446101 1.240526
v 2.102705 0.919285 1.240526
v -2.102705 0.919285 1.240526
v -2.102705 0.384189 1.240526
v 2.102705 0.384189 1.240526
v 2.341495 -0.307034 1.121132
v -2.341496 -0.307034 1.240526
v -1.922794 4.062992 1.240526
v -2.050011 4.010193 1.240526
v -2.102705 3.882730 1.240526
v 1.927422 4.062992 1.240526
v 2.051366 4.010193 1.240526
v 2.102705 3.882730 1.240526
v -1.587095 3.882730 1.135688
v -1.639790 4.010193 1.186345
v -1.767006 4.062992 1.240526
v 1.601243 3.882730 1.135141
v 1.652583 4.010193 1.185823
v 1.776527 4.062992 1.240526
v -2.271522 0.384189 1.240526
v -2.341495 0.314216 1.240526
v 2.271522 0.384189 1.156118
v 2.341495 0.314216 1.121132
v -2.102705 2.225037 1.240526
v 2.102705 2.225262 1.240526
v 0.652964 -0.302060 -1.861130
v 0.652964 -0.302060 -2.845328
v -1.658833 -0.302060 -2.845328
v 2.079848 1.906852 0.034942
v 2.079848 1.864123 -0.179873
v 2.079848 1.742440 -0.361984
v 2.079848 1.560329 -0.483667
v 2.079848 1.345514 -0.526397
v 2.079848 1.864123 0.249756
v 2.079848 1.742440 0.431868
v 2.079848 1.560329 0.553551
v 2.079848 1.345514 0.596279
v 2.079848 0.064304 0.596279
v 2.079848 0.064304 -0.526397
v 2.079848 1.717981 0.034942
v 2.079848 1.689629 -0.107595
v 2.079848 1.608888 -0.228433
v 2.079848 1.488051 -0.309174
v 2.079848 1.327269 -0.341155
v 2.079848 1.689629 0.177479
v 2.079848 1.608888 0.298316
v 2.079848 1.488051 0.379057
v 2.079848 1.327269 0.411038
v 2.079848 0.220286 0.411038
v 2.079848 0.220286 -0.341155
v 2.327329 0.361612 -0.292282
v 2.327329 1.324744 -0.292282
v 2.327329 1.640016 0.158956
v 2.327329 1.569767 0.264091
v 2.327329 1.569767 -0.194208
v 2.327329 1.640016 -0.089073
v 2.327329 1.464633 0.334339
v 2.327329 1.664684 0.034942
v 2.327329 1.464633 -0.264457
v 2.327329 1.324744 0.362164
v 2.327329 0.361612 0.362164
v 2.507783 -0.307034 0.561897
v 2.426438 -0.307034 0.596279
v 2.079848 -0.307034 -0.526397
v 2.079848 -0.307034 0.596279
v 2.426438 1.345514 -0.526397
v 2.507783 1.342464 -0.492021
v 2.426438 1.560329 -0.483667
v 2.537048 1.512385 -0.373842
v 2.507785 1.546286 -0.451501
v 2.426438 1.742440 -0.361984
v 2.507787 1.717125 -0.337388
v 2.426438 1.864123 -0.179873
v 2.537061 1.752031 -0.134458
v 2.507789 1.831291 -0.166572
v 2.426438 1.906852 0.034942
v 2.507789 1.871385 0.034942
v 2.426438 1.864123 0.249756
v 2.537061 1.752031 0.204340
v 2.507789 1.831291 0.236454
v 2.426438 1.742440 0.431868
v 2.537055 1.656010 0.347888
v 2.507787 1.717125 0.407270
v 2.426438 1.560329 0.553551
v 2.537048 1.512385 0.443725
v 2.507785 1.546286 0.521383
v 2.426438 1.345514 0.596279
v 2.537044 1.335101 0.478911
v 2.507783 1.342464 0.561903
v 2.426438 0.064304 0.596279
v 2.541421 -0.307034 0.475636
v 2.541417 -0.307034 -0.405750
v 2.507783 0.064304 0.561897
v 2.426438 0.064304 -0.526397
v 2.507783 -0.307034 -0.492014
v 2.426438 -0.307034 -0.526397
v 2.507783 0.064304 -0.492014
v 2.411340 1.324744 -0.292282
v 2.536695 1.334623 -0.403639
v 2.497005 1.327637 -0.324898
v 2.411339 1.464633 -0.264457
v 2.497025 1.478095 -0.295296
v 2.536809 1.653190 -0.275266
v 2.411339 1.569767 -0.194208
v 2.497038 1.594201 -0.217949
v 2.411339 1.640016 -0.089073
v 2.497045 1.671825 -0.101961
v 2.536838 1.782152 0.034942
v 2.411339 1.664684 0.034942
v 2.497046 1.699090 0.034942
v 2.411339 1.640016 0.158956
v 2.497045 1.671825 0.171844
v 2.411339 1.569767 0.264091
v 2.497038 1.594201 0.287832
v 2.411339 1.464633 0.334339
v 2.497025 1.478095 0.365178
v 2.411340 1.324744 0.362164
v 2.497005 1.327637 0.394780
v 2.536591 0.208543 0.471899
v 2.411340 0.361612 0.362164
v 2.496974 0.316779 0.394305
v 2.411340 0.361612 -0.292282
v 2.536591 0.208543 -0.402017
v 2.496974 0.316779 -0.324423
v 2.541417 0.064304 -0.405750
v 2.541421 0.064304 0.475636
v -0.674656 2.881383 1.677563
v -0.795298 2.760741 1.677563
v -1.383756 2.760741 1.677563
v -1.504397 2.881383 1.677563
v -1.504397 3.317008 1.677563
v -1.383756 3.437649 1.677563
v -0.795298 3.437649 1.677563
v -0.674656 3.317008 1.677563
v -0.674656 2.881422 1.976313
v -0.762886 2.917980 2.064543
v -0.700498 2.892135 2.038700
v -0.831895 2.848971 2.064543
v -0.795337 2.760741 1.976313
v -0.806050 2.786583 2.038700
v -0.674656 3.316968 1.976313
v -0.762886 3.280411 2.064543
v -0.700498 3.306257 2.038700
v -1.347159 2.848971 2.064543
v -1.383716 2.760741 1.976313
v -1.373004 2.786583 2.038700
v -1.416168 2.917980 2.064543
v -1.504397 2.881422 1.976313
v -1.478555 2.892135 2.038700
v -1.416168 3.280411 2.064543
v -1.504397 3.316968 1.976313
v -1.478555 3.306256 2.038700
v -1.347159 3.349420 2.064543
v -1.383716 3.437649 1.976313
v -1.373004 3.411808 2.038700
v -0.831895 3.349420 2.064543
v -0.795337 3.437649 1.976313
v -0.806050 3.411808 2.038700
v -0.860360 2.993676 1.965580
v -0.880375 2.973660 1.965580
v -0.860360 3.204714 1.965580
v -1.298678 2.973660 1.965580
v -1.318694 2.993676 1.965580
v -1.318694 3.204714 1.965580
v -1.298678 3.224730 1.965580
v -0.880375 3.224730 1.965580
v -0.851051 3.225540 2.005162
v -0.832692 3.236966 2.052646
v -0.872625 3.247114 2.005162
v -0.864164 3.268366 2.052651
v -0.872625 2.951276 2.005162
v -0.864164 2.930024 2.052651
v -0.851051 2.972851 2.005162
v -0.832692 2.961425 2.052646
v -1.328002 2.972851 2.005162
v -1.346361 2.961425 2.052646
v -1.306428 2.951276 2.005162
v -1.314889 2.930024 2.052651
v -1.306428 3.247114 2.005162
v -1.314889 3.268366 2.052651
v -1.328002 3.225540 2.005162
v -1.346361 3.236966 2.052646
v 1.468599 2.881383 1.677563
v 1.347957 2.760741 1.677563
v 0.759499 2.760741 1.677563
v 0.638858 2.881383 1.677563
v 0.638858 3.317008 1.677563
v 0.759499 3.437649 1.677563
v 1.347957 3.437649 1.677563
v 1.468599 3.317008 1.677563
v 1.468599 2.881422 1.976313
v 1.380369 2.917980 2.064543
v 1.442757 2.892135 2.038700
v 1.311360 2.848971 2.064543
v 1.347918 2.760741 1.976313
v 1.337206 2.786583 2.038700
v 1.468599 3.316968 1.976313
v 1.380369 3.280411 2.064543
v 1.442757 3.306257 2.038700
v 0.796096 2.848971 2.064543
v 0.759539 2.760741 1.976313
v 0.770251 2.786583 2.038700
v 0.727087 2.917980 2.064543
v 0.638858 2.881422 1.976313
v 0.664700 2.892135 2.038700
v 0.727087 3.280411 2.064543
v 0.638858 3.316968 1.976313
v 0.664700 3.306256 2.038700
v 0.796096 3.349420 2.064543
v 0.759539 3.437649 1.976313
v 0.770251 3.411808 2.038700
v 1.311360 3.349420 2.064543
v 1.347918 3.437649 1.976313
v 1.337206 3.411808 2.038700
v 1.282895 2.993676 1.965580
v 1.262880 2.973660 1.965580
v 1.282895 3.204714 1.965580
v 0.844577 2.973660 1.965580
v 0.824562 2.993676 1.965580
v 0.824562 3.204714 1.965580
v 0.844577 3.224730 1.965580
v 1.262880 3.224730 1.965580
v 1.292204 3.225540 2.005162
v 1.310563 3.236966 2.052646
v 1.270630 3.247114 2.005162
v 1.279091 3.268366 2.052651
v 1.270630 2.951276 2.005162
v 1.279091 2.930024 2.052651
v 1.292204 2.972851 2.005162
v 1.310563 2.961425 2.052646
v 0.815253 2.972851 2.005162
v 0.796894 2.961425 2.052646
v 0.836827 2.951276 2.005162
v 0.828366 2.930024 2.052651
v 0.836827 3.247114 2.005162
v 0.828366 3.268366 2.052651
v 0.815253 3.225540 2.005162
v 0.796894 3.236966 2.052646
v -0.674656 2.881383 -1.712147
v -0.795298 2.760741 -1.712147
v -1.383756 2.760741 -1.712147
v -1.504397 2.881383 -1.712147
v -1.504397 3.317008 -1.712147
v -1.383756 3.437649 -1.712147
v -0.795298 3.437649 -1.712147
v -0.674656 3.317008 -1.712147
v -0.674656 2.881422 -2.010897
v -0.762886 2.917980 -2.099127
v -0.700498 2.892135 -2.073284
v -0.831895 2.848971 -2.099127
v -0.795337 2.760741 -2.010897
v -0.806050 2.786583 -2.073284
v -0.674656 3.316968 -2.010897
v -0.762886 3.280411 -2.099127
v -0.700498 3.306257 -2.073284
v -1.347159 2.848971 -2.099127
v -1.383716 2.760741 -2.010897
v -1.373004 2.786583 -2.073284
v -1.416168 2.917980 -2.099127
v -1.504397 2.881422 -2.010897
v -1.478555 2.892135 -2.073284
v -1.416168 3.280411 -2.099127
v -1.504397 3.316968 -2.010897
v -1.478555 3.306256 -2.073284
v -1.347159 3.349420 -2.099127
v -1.383716 3.437649 -2.010897
v -1.373004 3.411808 -2.073284
v -0.831895 3.349420 -2.099127
v -0.795337 3.437649 -2.010897
v -0.806050 3.411808 -2.073284
v -0.860360 2.993676 -2.000164
v -0.880375 2.973660 -2.000164
v -0.860360 3.204714 -2.000164
v -1.298678 2.973660 -2.000164
v -1.318694 2.993676 -2.000164
v -1.318694 3.204714 -2.000164
v -1.298678 3.224730 -2.000164
v -0.880375 3.224730 -2.000164
v -0.851051 3.225540 -2.039746
v -0.832692 3.236966 -2.087230
v -0.872625 3.247114 -2.039746
v -0.864164 3.268366 -2.087234
v -0.872625 2.951276 -2.039746
v -0.864164 2.930024 -2.087234
v -0.851051 2.972851 -2.039746
v -0.832692 2.961425 -2.087230
v -1.328002 2.972851 -2.039746
v -1.346361 2.961425 -2.087230
v -1.306428 2.951276 -2.039746
v -1.314889 2.930024 -2.087234
v -1.306428 3.247114 -2.039746
v -1.314889 3.268366 -2.087234
v -1.328002 3.225540 -2.039746
v -1.346361 3.236966 -2.087230
v 1.468599 2.881383 -1.712147
v 1.347957 2.760741 -1.712147
v 0.759499 2.760741 -1.712147
v 0.638858 2.881383 -1.712147
v 0.638858 3.317008 -1.712147
v 0.759499 3.437649 -1.712147
v 1.347957 3.437649 -1.712147
v 1.468599 3.317008 -1.712147
v 1.468599 2.881422 -2.010897
v 1.380369 2.917980 -2.099127
v 1.442757 2.892135 -2.073284
v 1.311360 2.848971 -2.099127
v 1.347918 2.760741 -2.010897
v 1.337206 2.786583 -2.073284
v 1.468599 3.316968 -2.010897
v 1.380369 3.280411 -2.099127
v 1.442757 3.306257 -2.073284
v 0.796096 2.848971 -2.099127
v 0.759539 2.760741 -2.010897
v 0.770251 2.786583 -2.073284
v 0.727087 2.917980 -2.099127
v 0.638858 2.881422 -2.010897
v 0.664700 2.892135 -2.073284
v 0.727087 3.280411 -2.099127
v 0.638858 3.316968 -2.010897
v 0.664700 3.306256 -2.073284
v 0.796096 3.349420 -2.099127
v 0.759539 3.437649 -2.010897
v 0.770251 3.411808 -2.073284
v 1.311360 3.349420 -2.099127
v 1.347918 3.437649 -2.010897
v 1.337206 3.411808 -2.073284
v 1.282895 2.993676 -2.000164
v 1.262880 2.973660 -2.000164
v 1.282895 3.204714 -2.000164
v 0.844577 2.973660 -2.000164
v 0.824562 2.993676 -2.000164
v 0.824562 3.204714 -2.000164
v 0.844577 3.224730 -2.000164
v 1.262880 3.224730 -2.000164
v 1.292204 3.225540 -2.039746
v 1.310563 3.236966 -2.087230
v 1.270630 3.247114 -2.039746
v 1.279091 3.268366 -2.087234
v 1.270630 2.951276 -2.039746
v 1.279091 2.930024 -2.087234
v 1.292204 2.972851 -2.039746
v 1.310563 2.961425 -2.087230
v 0.815253 2.972851 -2.039746
v 0.796894 2.961425 -2.087230
v 0.836827 2.951276 -2.039746
v 0.828366 2.930024 -2.087234
v 0.836827 3.247114 -2.039746
v 0.828366 3.268366 -2.087234
v 0.815253 3.225540 -2.039746
v 0.796894 3.236966 -2.087230
v -2.001565 2.412614 -0.353607
v -2.001565 2.291972 -0.474249
v -2.001565 2.291972 -1.062707
v -2.001565 2.412614 -1.183349
v -2.001565 2.848239 -1.183349
v -2.001565 2.968881 -1.062707
v -2.001565 2.968881 -0.474249
v -2.001565 2.848239 -0.353607
v -2.300315 2.412654 -0.353607
v -2.388546 2.449211 -0.441837
v -2.362703 2.423366 -0.379449
v -2.388546 2.380202 -0.510846
v -2.300315 2.291972 -0.474288
v -2.362703 2.317814 -0.485001
v -2.300315 2.848199 -0.353607
v -2.388546 2.811642 -0.441837
v -2.362703 2.837487 -0.379449
v -2.388546 2.380202 -1.026110
v -2.300315 2.291972 -1.062668
v -2.362703 2.317814 -1.051955
v -2.388546 2.449211 -1.095119
v -2.300315 2.412654 -1.183349
v -2.362703 2.423366 -1.157507
v -2.388546 2.811642 -1.095119
v -2.300315 2.848199 -1.183349
v -2.362703 2.837487 -1.157507
v -2.388546 2.880651 -1.026110
v -2.300315 2.968881 -1.062668
v -2.362703 2.943039 -1.051955
v -2.388546 2.880651 -0.510846
v -2.300315 2.968881 -0.474288
v -2.362703 2.943039 -0.485001
v -2.289583 2.524908 -0.539311
v -2.289582 2.504892 -0.559326
v -2.289583 2.735945 -0.539311
v -2.289582 2.504892 -0.977629
v -2.289582 2.524908 -0.997644
v -2.289582 2.735945 -0.997644
v -2.289582 2.755961 -0.977630
v -2.289582 2.755961 -0.559326
v -2.329165 2.756771 -0.530003
v -2.376648 2.768197 -0.511643
v -2.329165 2.778345 -0.551577
v -2.376654 2.799598 -0.543116
v -2.329165 2.482507 -0.551577
v -2.376654 2.461256 -0.543116
v -2.329165 2.504082 -0.530003
v -2.376648 2.492656 -0.511643
v -2.329165 2.504082 -1.006953
v -2.376648 2.492656 -1.025312
v -2.329165 2.482507 -0.985379
v -2.376654 2.461256 -0.993840
v -2.329165 2.778345 -0.985379
v -2.376654 2.799598 -0.993840
v -2.329165 2.756771 -1.006953
v -2.376648 2.768197 -1.025312
v -2.001565 1.111160 2.235271
v -2.001565 0.990518 2.114629
v -2.001565 0.990518 1.526171
v -2.001565 1.111160 1.405529
v -2.001565 1.546785 1.405529
v -2.001565 1.667426 1.526171
v -2.001565 1.667426 2.114629
v -2.001565 1.546785 2.235271
v -2.300315 1.111199 2.235271
v -2.388545 1.147757 2.147040
v -2.362703 1.121912 2.209429
v -2.388545 1.078748 2.078032
v -2.300315 0.990518 2.114590
v -2.362703 1.016360 2.103877
v -2.300315 1.546745 2.235271
v -2.388545 1.510187 2.147040
v -2.362703 1.536033 2.209429
v -2.388545 1.078748 1.562768
v -2.300315 0.990518 1.526210
v -2.362703 1.016360 1.536922
v -2.388545 1.147757 1.493759
v -2.300315 1.111199 1.405529
v -2.362703 1.121912 1.431372
v -2.388545 1.510187 1.493759
v -2.300315 1.546745 1.405529
v -2.362703 1.536033 1.431372
v -2.388545 1.579197 1.562767
v -2.300315 1.667426 1.526210
v -2.362703 1.641585 1.536922
v -2.388545 1.579197 2.078032
v -2.300315 1.667426 2.114590
v -2.362703 1.641585 2.103877
v -2.289582 1.223453 2.049566
v -2.289582 1.203438 2.029552
v -2.289582 1.434491 2.049566
v -2.289582 1.203438 1.611248
v -2.289582 1.223453 1.591233
v -2.289582 1.434491 1.591233
v -2.289582 1.454507 1.611248
v -2.289582 1.454507 2.029552
v -2.329165 1.455317 2.058875
v -2.376648 1.466743 2.077234
v -2.329165 1.476891 2.037301
v -2.376654 1.498143 2.045762
v -2.329165 1.181053 2.037301
v -2.376654 1.159801 2.045762
v -2.329165 1.202627 2.058875
v -2.376648 1.191201 2.077234
v -2.329165 1.202627 1.581924
v -2.376648 1.191201 1.563565
v -2.329165 1.181053 1.603498
v -2.376654 1.159801 1.595037
v -2.329165 1.476891 1.603498
v -2.376654 1.498143 1.595037
v -2.329165 1.455317 1.581924
v -2.376648 1.466743 1.563565
v 2.490910 3.716995 1.368355
v 2.440692 3.771351 1.368355
v 2.490910 3.683696 1.287964
v 2.440692 3.722131 1.249529
v 2.490910 3.603305 1.254665
v 2.440692 3.603305 1.200310
v 2.490910 3.522914 1.287964
v 2.440692 3.484479 1.249529
v 2.490910 3.489615 1.368355
v 2.440692 3.435259 1.368355
v 2.490910 3.522914 1.448746
v 2.440692 3.484479 1.487181
v 2.490910 3.603305 1.482045
v 2.440692 3.603305 1.536401
v 2.490910 3.683696 1.448746
v 2.440692 3.722131 1.487181
v 1.907317 3.711763 1.368355
v 1.962370 3.771351 1.368355
v 1.923442 3.753897 1.368355
v 1.962370 3.722131 1.249529
v 1.907317 3.679996 1.291664
v 1.923442 3.709790 1.261870
v 1.962370 3.603305 1.200310
v 1.907317 3.603305 1.259897
v 1.923442 3.603305 1.217762
v 1.962370 3.484479 1.249529
v 1.907317 3.526614 1.291664
v 1.923442 3.496820 1.261870
v 1.962370 3.435259 1.368355
v 1.907317 3.494848 1.368355
v 1.923442 3.452712 1.368355
v 1.962370 3.484479 1.487181
v 1.907317 3.526614 1.445045
v 1.923442 3.496820 1.474840
v 1.962370 3.603305 1.536401
v 1.907317 3.603305 1.476812
v 1.923442 3.603305 1.518948
v 1.962370 3.722131 1.487181
v 1.907317 3.679996 1.445045
v 1.923442 3.709790 1.474840
v -2.490910 3.716995 1.368355
v -2.440692 3.771351 1.368355
v -2.490910 3.683696 1.287964
v -2.440692 3.722131 1.249529
v -2.490910 3.603305 1.254665
v -2.440692 3.603305 1.200310
v -2.490910 3.522914 1.287964
v -2.440692 3.484479 1.249529
v -2.490910 3.489615 1.368355
v -2.440692 3.435260 1.368355
v -2.490910 3.522914 1.448746
v -2.440692 3.484479 1.487181
v -2.490910 3.603305 1.482045
v -2.440692 3.603305 1.536401
v -2.490910 3.683696 1.448746
v -2.440692 3.722131 1.487181
v -1.907318 3.711763 1.368355
v -1.962370 3.771351 1.368355
v -1.923442 3.753898 1.368355
v -1.962370 3.722131 1.249529
v -1.907318 3.679996 1.291664
v -1.923442 3.709790 1.261870
v -1.962370 3.603305 1.200310
v -1.907318 3.603305 1.259897
v -1.923442 3.603305 1.217762
v -1.962370 3.484479 1.249529
v -1.907318 3.526614 1.291664
v -1.923442 3.496820 1.261870
v -1.962370 3.435260 1.368355
v -1.907318 3.494848 1.368355
v -1.923442 3.452713 1.368355
v -1.962370 3.484479 1.487181
v -1.907318 3.526614 1.445045
v -1.923442 3.496820 1.474840
v -1.962370 3.603305 1.536401
v -1.907318 3.603305 1.476812
v -1.923442 3.603305 1.518948
v -1.962370 3.722131 1.487181
v -1.907318 3.679996 1.445045
v -1.923442 3.709790 1.474840
v 2.490910 3.716995 -0.043228
v 2.440692 3.771351 -0.043228
v 2.490910 3.683696 -0.123620
v 2.440692 3.722131 -0.162055
v 2.490910 3.603305 -0.156919
v 2.440692 3.603305 -0.211274
v 2.490910 3.522914 -0.123620
v 2.440692 3.484479 -0.162055
v 2.490910 3.489615 -0.043228
v 2.440692 3.435259 -0.043228
v 2.490910 3.522914 0.037163
v 2.440692 3.484479 0.075598
v 2.490910 3.603305 0.070461
v 2.440692 3.603305 0.124817
v 2.490910 3.683696 0.037163
v 2.440692 3.722131 0.075598
v 1.907317 3.711763 -0.043228
v 1.962370 3.771351 -0.043228
v 1.923442 3.753897 -0.043228
v 1.962370 3.722131 -0.162055
v 1.907317 3.679996 -0.119920
v 1.923442 3.709790 -0.149714
v 1.962370 3.603305 -0.211274
v 1.907317 3.603305 -0.151686
v 1.923442 3.603305 -0.193821
v 1.962370 3.484479 -0.162055
v 1.907317 3.526614 -0.119920
v 1.923442 3.496820 -0.149714
v 1.962370 3.435259 -0.043228
v 1.907317 3.494848 -0.043228
v 1.923442 3.452712 -0.043228
v 1.962370 3.484479 0.075598
v 1.907317 3.526614 0.033463
v 1.923442 3.496820 0.063256
v 1.962370 3.603305 0.124817
v 1.907317 3.603305 0.065228
v 1.923442 3.603305 0.107364
v 1.962370 3.722131 0.075598
v 1.907317 3.679996 0.033463
v 1.923442 3.709790 0.063256
v -2.490910 3.716995 -0.043228
v -2.440692 3.771351 -0.043228
v -2.490910 3.683696 -0.123619
v -2.440692 3.722131 -0.162055
v -2.490910 3.603305 -0.156919
v -2.440692 3.603305 -0.211274
v -2.490910 3.522914 -0.123619
v -2.440692 3.484479 -0.162055
v -2.490910 3.489615 -0.043228
v -2.440692 3.435260 -0.043228
v -2.490910 3.522914 0.037163
v -2.440692 3.484479 0.075598
v -2.490910 3.603305 0.070461
v -2.440692 3.603305 0.124817
v -2.490910 3.683696 0.037163
v -2.440692 3.722131 0.075598
v -1.907318 3.711763 -0.043228
v -1.962370 3.771351 -0.043228
v -1.923442 3.753898 -0.043228
v -1.962370 3.722131 -0.162055
v -1.907318 3.679996 -0.119920
v -1.923442 3.709790 -0.149714
v -1.962370 3.603305 -0.211274
v -1.907318 3.603305 -0.151686
v -1.923442 3.603305 -0.193821
v -1.962370 3.484479 -0.162055
v -1.907318 3.526614 -0.119920
v -1.923442 3.496820 -0.149714
v -1.962370 3.435260 -0.043228
v -1.907318 3.494848 -0.043228
v -1.923442 3.452713 -0.043228
v -1.962370 3.484479 0.075598
v -1.907318 3.526614 0.033463
v -1.923442 3.496820 0.063256
v -1.962370 3.603305 0.124817
v -1.907318 3.603305 0.065228
v -1.923442 3.603305 0.107364
v -1.962370 3.722131 0.075598
v -1.907318 3.679996 0.033463
v -1.923442 3.709790 0.063256
v 2.490910 3.716995 -1.454812
v 2.440692 3.771351 -1.454812
v 2.490910 3.683696 -1.535203
v 2.440692 3.722131 -1.573638
v 2.490910 3.603305 -1.568502
v 2.440692 3.603305 -1.622858
v 2.490910 3.522914 -1.535203
v 2.440692 3.484479 -1.573638
v 2.490910 3.489615 -1.454812
v 2.440692 3.435259 -1.454812
v 2.490910 3.522914 -1.374421
v 2.440692 3.484479 -1.335986
v 2.490910 3.603305 -1.341123
v 2.440692 3.603305 -1.286766
v 2.490910 3.683696 -1.374421
v 2.440692 3.722131 -1.335986
v 1.907317 3.711763 -1.454812
v 1.962370 3.771351 -1.454812
v 1.923442 3.753897 -1.454812
v 1.962370 3.722131 -1.573638
v 1.907317 3.679996 -1.531503
v 1.923442 3.709790 -1.561297
v 1.962369 3.603305 -1.622858
v 1.907317 3.603305 -1.563270
v 1.923442 3.603305 -1.605405
v 1.962369 3.484479 -1.573638
v 1.907317 3.526614 -1.531503
v 1.923442 3.496820 -1.561297
v 1.962369 3.435259 -1.454812
v 1.907317 3.494848 -1.454812
v 1.923442 3.452712 -1.454812
v 1.962370 3.484479 -1.335986
v 1.907317 3.526614 -1.378121
v 1.923442 3.496820 -1.348328
v 1.962370 3.603305 -1.286766
v 1.907317 3.603305 -1.346354
v 1.923442 3.603305 -1.304219
v 1.962370 3.722131 -1.335986
v 1.907317 3.679996 -1.378121
v 1.923442 3.709790 -1.348328
v -2.490910 3.716995 -1.454812
v -2.440692 3.771351 -1.454812
v -2.490910 3.683696 -1.535203
v -2.440692 3.722131 -1.573638
v -2.490910 3.603305 -1.568502
v -2.440692 3.603305 -1.622858
v -2.490910 3.522914 -1.535203
v -2.440692 3.484479 -1.573638
v -2.490910 3.489615 -1.454812
v -2.440692 3.435260 -1.454812
v -2.490910 3.522914 -1.374421
v -2.440692 3.484479 -1.335986
v -2.490910 3.603305 -1.341122
v -2.440692 3.603305 -1.286766
v -2.490910 3.683696 -1.374421
v -2.440692 3.722131 -1.335986
v -1.907318 3.711763 -1.454812
v -1.962370 3.771351 -1.454812
v -1.923442 3.753898 -1.454812
v -1.962370 3.722131 -1.573638
v -1.907318 3.679996 -1.531503
v -1.923442 3.709790 -1.561297
v -1.962371 3.603305 -1.622858
v -1.907318 3.603305 -1.563270
v -1.923442 3.603305 -1.605405
v -1.962371 3.484479 -1.573638
v -1.907318 3.526614 -1.531503
v -1.923442 3.496820 -1.561297
v -1.962371 3.435260 -1.454812
v -1.907318 3.494848 -1.454812
v -1.923442 3.452713 -1.454812
v -1.962370 3.484479 -1.335986
v -1.907318 3.526614 -1.378121
v -1.923442 3.496820 -1.348327
v -1.962370 3.603305 -1.286766
v -1.907318 3.603305 -1.346354
v -1.923442 3.603305 -1.304219
v -1.962370 3.722131 -1.335986
v -1.907318 3.679996 -1.378121
v -1.923442 3.709790 -1.348327
v 1.994609 1.340907 1.885028
v 1.994609 1.220265 2.005670
v 1.994609 1.220265 2.594128
v 1.994609 1.340907 2.714769
v 1.994609 1.776531 2.714769
v 1.994609 1.897173 2.594128
v 1.994609 1.897173 2.005670
v 1.994609 1.776531 1.885028
v 2.293359 1.340946 1.885028
v 2.381589 1.377504 1.973257
v 2.355747 1.351658 1.910870
v 2.381589 1.308494 2.042267
v 2.293359 1.220265 2.005709
v 2.355747 1.246107 2.016421
v 2.293359 1.776492 1.885028
v 2.381589 1.739934 1.973257
v 2.355747 1.765780 1.910870
v 2.381589 1.308494 2.557530
v 2.293359 1.220265 2.594089
v 2.355747 1.246106 2.583376
v 2.381589 1.377504 2.626539
v 2.293359 1.340946 2.714769
v 2.355747 1.351658 2.688928
v 2.381589 1.739934 2.626539
v 2.293359 1.776492 2.714769
v 2.355747 1.765779 2.688928
v 2.381589 1.808944 2.557531
v 2.293359 1.897173 2.594089
v 2.355747 1.871331 2.583376
v 2.381589 1.808944 2.042267
v 2.293359 1.897173 2.005709
v 2.355747 1.871331 2.016421
v 2.282626 1.453200 2.070732
v 2.282626 1.433184 2.090747
v 2.282626 1.664238 2.070732
v 2.282626 1.433184 2.509049
v 2.282626 1.453200 2.529065
v 2.282626 1.664238 2.529065
v 2.282626 1.684253 2.509050
v 2.282626 1.684253 2.090747
v 2.322209 1.685064 2.061422
v 2.369692 1.696490 2.043064
v 2.322209 1.706638 2.082997
v 2.369698 1.727890 2.074536
v 2.322209 1.410800 2.082997
v 2.369698 1.389548 2.074536
v 2.322209 1.432374 2.061422
v 2.369692 1.420948 2.043064
v 2.322209 1.432374 2.538374
v 2.369692 1.420948 2.556733
v 2.322209 1.410800 2.516800
v 2.369698 1.389548 2.525261
v 2.322209 1.706638 2.516800
v 2.369698 1.727890 2.525261
v 2.322209 1.685064 2.538374
v 2.369692 1.696490 2.556733
v 1.976557 2.436460 -1.505024
v 1.976557 2.315818 -1.384382
v 1.976557 2.315818 -0.795925
v 1.976557 2.436460 -0.675283
v 1.976557 2.872085 -0.675283
v 1.976557 2.992726 -0.795925
v 1.976557 2.992726 -1.384382
v 1.976557 2.872085 -1.505024
v 2.275307 2.436499 -1.505024
v 2.363537 2.473057 -1.416795
v 2.337695 2.447212 -1.479183
v 2.363537 2.404047 -1.347786
v 2.275307 2.315818 -1.384343
v 2.337695 2.341660 -1.373631
v 2.275307 2.872045 -1.505024
v 2.363537 2.835488 -1.416795
v 2.337695 2.861333 -1.479183
v 2.363537 2.404047 -0.832521
v 2.275307 2.315818 -0.795964
v 2.337695 2.341660 -0.806676
v 2.363537 2.473057 -0.763513
v 2.275307 2.436499 -0.675283
v 2.337695 2.447212 -0.701125
v 2.363537 2.835488 -0.763513
v 2.275307 2.872045 -0.675283
v 2.337695 2.861333 -0.701125
v 2.363537 2.904497 -0.832521
v 2.275307 2.992726 -0.795964
v 2.337695 2.966885 -0.806677
v 2.363537 2.904497 -1.347786
v 2.275307 2.992726 -1.384343
v 2.337695 2.966885 -1.373631
v 2.264574 2.548753 -1.319321
v 2.264574 2.528737 -1.299305
v 2.264574 2.759791 -1.319321
v 2.264574 2.528737 -0.881002
v 2.264574 2.548753 -0.860987
v 2.264574 2.759791 -0.860987
v 2.264574 2.779807 -0.881002
v 2.264574 2.779807 -1.299305
v 2.304157 2.780617 -1.328629
v 2.351640 2.792043 -1.346989
v 2.304157 2.802191 -1.307055
v 2.351645 2.823443 -1.315516
v 2.304157 2.506353 -1.307055
v 2.351645 2.485101 -1.315516
v 2.304157 2.527927 -1.328629
v 2.351640 2.516502 -1.346989
v 2.304157 2.527927 -0.851678
v 2.351640 2.516502 -0.833319
v 2.304157 2.506353 -0.873253
v 2.351645 2.485101 -0.864792
v 2.304157 2.802191 -0.873252
v 2.351645 2.823443 -0.864791
v 2.304157 2.780617 -0.851678
v 2.351640 2.792043 -0.833319
v -1.427365 1.862000 3.580571
v -1.427365 1.916355 3.530353
v -1.346974 1.828701 3.580571
v -1.308539 1.867136 3.530353
v -1.313675 1.748310 3.580571
v -1.259320 1.748310 3.530353
v -1.346974 1.667919 3.580571
v -1.308539 1.629484 3.530353
v -1.427365 1.634620 3.580571
v -1.427365 1.580264 3.530353
v -1.507756 1.667919 3.580571
v -1.546192 1.629484 3.530353
v -1.541055 1.748310 3.580571
v -1.595411 1.748310 3.530353
v -1.507756 1.828701 3.580571
v -1.546192 1.867136 3.530353
v -1.427366 1.856767 2.996979
v -1.427366 1.916355 3.052031
v -1.427366 1.898903 3.013103
v -1.308540 1.867136 3.052031
v -1.350675 1.825001 2.996979
v -1.320881 1.854795 3.013103
v -1.259320 1.748310 3.052031
v -1.318909 1.748310 2.996979
v -1.276773 1.748310 3.013103
v -1.308540 1.629484 3.052031
v -1.350675 1.671619 2.996979
v -1.320881 1.641825 3.013103
v -1.427366 1.580264 3.052031
v -1.427366 1.639853 2.996979
v -1.427366 1.597718 3.013103
v -1.546192 1.629484 3.052031
v -1.504057 1.671619 2.996979
v -1.533851 1.641825 3.013103
v -1.595411 1.748310 3.052031
v -1.535823 1.748310 2.996979
v -1.577958 1.748310 3.013103
v -1.546192 1.867136 3.052031
v -1.504057 1.825001 2.996979
v -1.533851 1.854795 3.013103
v -0.015783 1.862000 3.580570
v -0.015783 1.916355 3.530352
v 0.064608 1.828701 3.580570
v 0.103044 1.867136 3.530352
v 0.097907 1.748310 3.580570
v 0.152263 1.748310 3.530352
v 0.064608 1.667919 3.580570
v 0.103044 1.629484 3.530352
v -0.015783 1.634620 3.580570
v -0.015783 1.580264 3.530352
v -0.096174 1.667919 3.580570
v -0.134609 1.629484 3.530352
v -0.129473 1.748310 3.580570
v -0.183828 1.748310 3.530352
v -0.096174 1.828701 3.580570
v -0.134609 1.867136 3.530352
v -0.015783 1.856767 2.996978
v -0.015783 1.916355 3.052030
v -0.015783 1.898903 3.013103
v 0.103043 1.867136 3.052030
v 0.060908 1.825001 2.996978
v 0.090702 1.854795 3.013102
v 0.152262 1.748310 3.052030
v 0.092674 1.748310 2.996978
v 0.134809 1.748310 3.013102
v 0.103043 1.629484 3.052030
v 0.060908 1.671619 2.996978
v 0.090702 1.641825 3.013102
v -0.015783 1.580264 3.052030
v -0.015783 1.639853 2.996978
v -0.015783 1.597718 3.013103
v -0.134609 1.629484 3.052030
v -0.092474 1.671619 2.996978
v -0.122268 1.641825 3.013103
v -0.183829 1.748310 3.052031
v -0.124240 1.748310 2.996978
v -0.166376 1.748310 3.013103
v -0.134609 1.867136 3.052030
v -0.092474 1.825001 2.996978
v -0.122268 1.854795 3.013103
v 1.395800 1.862000 3.580569
v 1.395800 1.916355 3.530351
v 1.476191 1.828701 3.580569
v 1.514626 1.867136 3.530351
v 1.509490 1.748310 3.580569
v 1.563846 1.748310 3.530351
v 1.476191 1.667919 3.580569
v 1.514626 1.629484 3.530351
v 1.395800 1.634620 3.580569
v 1.395800 1.580264 3.530351
v 1.315409 1.667919 3.580569
v 1.276974 1.629484 3.530352
v 1.282110 1.748310 3.580569
v 1.227754 1.748310 3.530352
v 1.315409 1.828701 3.580569
v 1.276974 1.867136 3.530352
v 1.395800 1.856767 2.996977
v 1.395800 1.916355 3.052029
v 1.395800 1.898903 3.013102
v 1.514626 1.867136 3.052029
v 1.472491 1.825001 2.996977
v 1.502285 1.854795 3.013102
v 1.563846 1.748310 3.052029
v 1.504257 1.748310 2.996977
v 1.546392 1.748310 3.013102
v 1.514626 1.629484 3.052029
v 1.472491 1.671619 2.996977
v 1.502285 1.641825 3.013102
v 1.395800 1.580264 3.052029
v 1.395800 1.639853 2.996977
v 1.395800 1.597718 3.013102
v 1.276974 1.629484 3.052030
v 1.319109 1.671619 2.996977
v 1.289315 1.641825 3.013102
v 1.227754 1.748310 3.052030
v 1.287342 1.748310 2.996977
v 1.245207 1.748310 3.013102
v 1.276974 1.867136 3.052030
v 1.319109 1.825001 2.996977
v 1.289315 1.854795 3.013102
v 1.033079 2.446101 1.658915
v 0.652964 2.446101 1.658915
v -1.658833 2.446101 1.658915
v -2.102705 2.225037 1.659658
v -1.882542 2.446101 1.658915
v -2.073209 2.336019 1.658915
v -1.992624 2.416604 1.658915
v 1.882542 2.446101 1.658915
v 2.102705 2.225415 1.659285
v 1.992624 2.416604 1.658915
v 2.073209 2.336019 1.658915
v -1.908247 2.446101 -1.861130
v -2.102705 2.446101 -1.666558
v -2.005476 2.446101 -1.835062
v -2.076653 2.446101 -1.763844
v 2.102705 2.446101 -1.662558
v 1.904838 2.446101 -1.861130
v 2.076197 2.446101 -1.761844
v 2.003772 2.446101 -1.834526
v -2.102705 2.446101 1.659021
v -1.903646 2.446101 1.858248
v -2.076036 2.446101 1.758635
v -2.003176 2.446101 1.831557
v 1.904199 2.446101 1.858248
v 2.102705 2.446101 1.658632
v 2.003452 2.446101 1.831505
v 2.076110 2.446101 1.758440
v -1.911147 0.919285 -1.861130
v -2.102705 0.919285 -1.669486
v -2.006927 0.919285 -1.835454
v -2.077042 0.919285 -1.765307
v 2.102705 0.919285 -1.663212
v 1.905243 0.919285 -1.861130
v 2.076251 0.919285 -1.762171
v 2.003974 0.919285 -1.834614
v -1.587095 3.636178 1.240526
v -1.383789 3.636178 1.340059
v -1.559857 3.636178 1.290293
v -1.485442 3.636178 1.326725
v -1.384973 3.636178 -1.342941
v -1.587095 3.636178 -1.140599
v -1.486034 3.636178 -1.315832
v -1.560016 3.636178 -1.241771
v 1.601243 3.636178 -1.139145
v 1.398824 3.636178 -1.342941
v 1.574124 3.636178 -1.241043
v 1.500034 3.636178 -1.315638
v 1.398659 3.636178 1.340059
v 1.601243 3.636178 1.240526
v 1.499951 3.636178 1.326725
v 1.574102 3.636178 1.290293
v -2.102705 0.384189 -1.669831
v -1.911489 0.384189 -1.861130
v -2.102705 0.201516 -1.861130
v -2.077087 0.384189 -1.765480
v -2.007097 0.384189 -1.835501
v 2.102705 0.384189 -1.661719
v 1.903686 0.384189 -1.861130
v 2.076042 0.384189 -1.761425
v 2.003196 0.384189 -1.834414
v 2.142179 -0.307034 -2.099919
v 2.341495 -0.307034 -1.900349
v 2.241838 -0.307034 -2.073182
v 2.314792 -0.307034 -2.000134
v -1.767006 4.062992 1.311453
v -1.557923 4.062992 1.520889
v -1.738995 4.062992 1.416164
v -1.662465 4.062992 1.492824
v -1.382964 3.882730 1.340059
v -1.485030 3.882730 1.312679
v -1.559747 3.882730 1.237874
v -1.433387 4.010193 1.393023
v -1.612137 4.010193 1.289682
v -1.536588 4.010193 1.365332
v -1.587095 3.882730 -1.139812
v -1.384195 3.882730 -1.342941
v -1.559912 3.882730 -1.241377
v -1.485645 3.882730 -1.315727
v -1.559716 4.062992 -1.523770
v -1.767006 4.062992 -1.316149
v -1.663362 4.062992 -1.495948
v -1.739235 4.062992 -1.419953
v -1.434778 4.010193 -1.395905
v -1.639790 4.010193 -1.190632
v -1.537284 4.010193 -1.368402
v -1.612323 4.010193 -1.293266
v 1.398034 3.882730 -1.342941
v 1.601243 3.882730 -1.138300
v 1.499639 3.882730 -1.315524
v 1.574018 3.882730 -1.240621
v 1.776527 4.062992 -1.314294
v 1.568639 4.062992 -1.524053
v 1.748675 4.062992 -1.419180
v 1.672583 4.062992 -1.495957
v 1.652583 4.010193 -1.189018
v 1.447206 4.010193 -1.395987
v 1.625068 4.010193 -1.292505
v 1.549895 4.010193 -1.368261
v 1.397863 3.882730 1.340059
v 1.573995 3.882730 1.237600
v 1.499553 3.882730 1.312606
v 1.568390 4.062992 1.521172
v 1.776527 4.062992 1.311006
v 1.672459 4.062992 1.493021
v 1.748642 4.062992 1.416096
v 1.447012 4.010193 1.393106
v 1.549797 4.010193 1.365337
v 1.625041 4.010193 1.289467
v -2.102705 3.882730 1.657061
v -1.901704 3.882730 1.858248
v -2.075777 3.882730 1.757654
v -2.002205 3.882730 1.831294
v -1.714402 4.062992 1.677420
v -1.922794 4.062992 1.468759
v -1.818598 4.062992 1.649471
v -1.894875 4.062992 1.573095
v -2.050011 4.010193 1.600782
v -1.845726 4.010193 1.805285
v -2.022642 4.010193 1.703035
v -1.947868 4.010193 1.777888
v -1.922794 4.062992 -1.474048
v -1.716780 4.062992 -1.680302
v -1.895194 4.062992 -1.577181
v -1.819787 4.062992 -1.652676
v -1.905457 3.882730 -1.861130
v -2.102705 3.882730 -1.663741
v -2.004081 3.882730 -1.834684
v -2.076279 3.882730 -1.762435
v -1.848828 4.010193 -1.808167
v -2.050011 4.010193 -1.606806
v -1.949419 4.010193 -1.781191
v -2.023057 4.010193 -1.707488
v 1.720334 4.062992 -1.680017
v 1.927422 4.062992 -1.471129
v 1.823878 4.062992 -1.652024
v 1.899677 4.062992 -1.575566
v 2.102705 3.882730 -1.660360
v 1.902843 3.882730 -1.861130
v 2.075929 3.882730 -1.760745
v 2.002774 3.882730 -1.834231
v 2.051366 4.010193 -1.603753
v 1.848252 4.010193 -1.808083
v 2.024154 4.010193 -1.705915
v 1.949809 4.010193 -1.780705
v 1.927422 4.062992 1.467707
v 1.720005 4.062992 1.677135
v 1.899633 4.062992 1.572414
v 1.823713 4.062992 1.649071
v 1.902323 3.882730 1.858248
v 2.102705 3.882730 1.656626
v 2.002514 3.882730 1.831236
v 2.075860 3.882730 1.757437
v 1.847824 4.010193 1.805201
v 2.051366 4.010193 1.600164
v 1.949595 4.010193 1.777729
v 2.024096 4.010193 1.702681
v 2.070452 0.384189 -2.029945
v 2.271522 0.384189 -1.828570
v 2.170987 0.384189 -2.002966
v 2.244584 0.384189 -1.929258
v 2.341495 0.314216 -1.899673
v 2.141513 0.314216 -2.099919
v 2.314703 0.314216 -1.999796
v 2.241504 0.314216 -2.073092
v -2.102705 0.384189 -3.014842
v -1.895198 0.384189 -3.222349
v -2.074904 0.384189 -3.118595
v -1.998951 0.384189 -3.194549
v 0.825571 0.384189 -3.222349
v 1.033079 0.384189 -3.014842
v 0.929325 0.384189 -3.194549
v 1.005278 0.384189 -3.118595
v -2.341496 -0.307034 -3.256293
v -2.136649 -0.307034 -3.461140
v -2.314051 -0.307034 -3.358716
v -2.239072 -0.307034 -3.433695
v 1.067022 -0.307034 -3.461140
v 1.271868 -0.307034 -3.256293
v 1.169445 -0.307034 -3.433695
v 1.244424 -0.307034 -3.358716
v -2.135762 0.314216 -3.461140
v -2.341495 0.314216 -3.255406
v -2.238628 0.314216 -3.433577
v -2.313932 0.314216 -3.358273
v -2.271522 0.384189 -3.183439
v -2.063795 0.384189 -3.391166
v -2.243691 0.384189 -3.287302
v -2.167658 0.384189 -3.363336
v 1.271868 0.314216 -3.255406
v 1.066135 0.314216 -3.461140
v 1.244305 0.314216 -3.358273
v 1.169002 0.314216 -3.433577
v 0.994168 0.384189 -3.391166
v 1.201895 0.384189 -3.183439
v 1.098031 0.384189 -3.363336
v 1.174064 0.384189 -3.287302
v -1.895330 0.825486 -3.222349
v -2.102705 0.825486 -3.014975
v -1.999018 0.825486 -3.194567
v -2.074922 0.825486 -3.118662
v -1.800902 0.919285 -3.128551
v -2.008906 0.919285 -2.920547
v -1.904904 0.919285 -3.100683
v -1.981039 0.919285 -3.024549
v 0.939279 0.919285 -2.920547
v 0.731275 0.919285 -3.128551
v 0.911412 0.919285 -3.024548
v 0.835277 0.919285 -3.100683
v 1.033079 0.825486 -3.014975
v 0.825704 0.825486 -3.222349
v 1.005295 0.825486 -3.118662
v 0.929391 0.825486 -3.194567
v -1.900282 0.919285 3.222351
v -2.102705 0.919285 3.019938
v -2.001493 0.919285 3.195232
v -2.075586 0.919285 3.121144
v 2.102705 0.919285 3.019933
v 1.900282 0.919285 3.222351
v 2.075586 0.919285 3.121142
v 2.001494 0.919285 3.195232
v 1.899438 0.384189 3.222351
v 2.102705 0.384189 3.019088
v 2.001071 0.384189 3.195119
v 2.075473 0.384189 3.120719
v -2.102705 0.384189 3.019092
v -1.899437 0.384189 3.222351
v -2.075473 0.384189 3.120722
v -2.001071 0.384189 3.195120
v -2.139411 -0.307034 3.461141
v -2.341496 -0.307034 3.259063
v -2.240453 -0.307034 3.434068
v -2.314421 -0.307034 3.360102
v 2.341495 -0.307034 3.259060
v 2.139411 -0.307034 3.461141
v 2.314421 -0.307034 3.360101
v 2.240453 -0.307034 3.434067
v -1.882542 2.446101 2.791681
v -1.672052 2.446101 3.002188
v -1.854341 2.446101 2.896935
v -1.777297 2.446101 2.973985
v -2.102705 2.225803 3.019204
v -1.899546 2.225937 3.222351
v -2.075487 2.225870 3.120778
v -2.001126 2.225919 3.195135
v -1.992624 2.416604 2.903502
v -1.783873 2.416604 3.112269
v -1.964656 2.416604 3.007886
v -1.888248 2.416604 3.084300
v -2.073209 2.336019 2.987439
v -1.867811 2.336019 3.192855
v -2.045691 2.336019 3.090147
v -1.970510 2.336019 3.165334
v 1.672052 2.446101 3.002188
v 1.882542 2.446101 2.791690
v 1.777297 2.446101 2.973986
v 1.854341 2.446101 2.896939
v 1.899546 2.225937 3.222351
v 2.102705 2.225870 3.019198
v 2.001126 2.225928 3.195134
v 2.075487 2.225904 3.120774
v 1.783873 2.416604 3.112269
v 1.992624 2.416604 2.903511
v 1.888249 2.416604 3.084301
v 1.964657 2.416604 3.007890
v 1.867812 2.336019 3.192855
v 2.073209 2.336019 2.987448
v 1.970511 2.336019 3.165336
v 2.045691 2.336019 3.090152
v -1.904276 2.225058 1.858248
v -2.102705 2.222258 1.858248
v -2.003490 2.225047 1.831642
v -2.076121 2.225039 1.758953
v 1.904808 2.225466 1.858248
v 2.102705 2.219613 1.858248
v 2.076192 2.225448 1.758766
v 2.003757 2.225467 1.831592
v 2.138635 0.314216 3.461141
v 2.341495 0.314216 3.258284
v 2.240065 0.314216 3.433963
v 2.314317 0.314216 3.359713
v 2.271522 0.384189 3.186769
v 2.067121 0.384189 3.391167
v 2.244137 0.384189 3.288969
v 2.169321 0.384189 3.363783
v -2.067120 0.384189 3.391167
v -2.271522 0.384189 3.186773
v -2.169321 0.384189 3.363784
v -2.244137 0.384189 3.288970
v -2.341495 0.314216 3.258286
v -2.138635 0.314216 3.461141
v -2.314317 0.314216 3.359714
v -2.240065 0.314216 3.433964
v -2.102705 2.225037 -1.668424
v -1.910095 2.225037 -1.861130
v -2.076900 2.225037 -1.764776
v -2.006400 2.225037 -1.835312
v 1.905617 2.225037 -1.861130
v 2.102705 2.225051 -1.663484
v 2.004161 2.225039 -1.834650
v 2.076301 2.225044 -1.762306
v -2.008906 0.919285 -1.861130
v -1.658833 -0.302060 -1.861130
v -2.102705 0.384189 -1.477798
v -1.911489 0.384189 -1.669097
v -2.077087 0.384189 -1.573448
v -2.007097 0.384189 -1.643468
v -2.008906 0.919285 -1.669097
v -2.102705 0.825486 -1.669097
v -1.658833 0.825486 -1.669097
v -1.752632 0.919285 -1.669097
v -1.658833 -0.302060 -1.669097
v 2.102705 0.825279 1.858248
v -2.102705 0.825279 1.858248
v 1.033079 0.825279 3.222351
v 0.652964 0.825279 3.222351
v -1.658833 0.825279 3.222351
v -2.102705 0.825279 1.240526
v 2.102705 0.825279 1.240526
v -2.076612 0.859655 -1.761695
v 2.102705 0.825279 -1.662465
v 2.076146 0.825279 -1.761798
v 2.003585 0.825279 -1.834514
v 1.904464 0.825279 -1.861130
v -1.899860 0.825279 3.222351
v -2.001283 0.825279 3.195176
v -2.075530 0.825279 3.120933
v -2.102705 0.825279 3.019515
v 1.899860 0.825279 3.222351
v 2.001283 0.825279 3.195175
v 2.075530 0.825279 3.120931
v 2.102705 0.825279 3.019510
v -2.341495 -0.000000 -1.861130
v 1.271868 0.000000 -2.099919
v -2.341495 0.000000 -2.845328
v 1.271868 0.000000 -2.845328
v -1.658833 0.000000 -3.461140
v 0.652964 0.000000 -3.461140
v 1.033079 0.000000 3.461141
v 0.652964 0.000000 3.461141
v -1.658833 0.000000 3.461141
v -2.341495 0.000000 1.240526
v 2.341495 0.000000 1.121132
v 2.141846 0.000000 -2.099919
v 2.241671 0.000000 -2.073137
v 2.314748 0.000000 -1.999965
v 2.341495 0.000000 -1.900011
v -2.136206 0.000000 -3.461140
v -2.238851 0.000000 -3.433636
v -2.313992 0.000000 -3.358495
v -2.341495 0.000000 -3.255850
v 1.271868 0.000000 -3.255850
v 1.244365 0.000000 -3.358495
v 1.169223 0.000000 -3.433636
v 1.066579 0.000000 -3.461140
v 2.139023 0.000000 3.461141
v 2.240259 0.000000 3.434015
v 2.314369 0.000000 3.359906
v 2.341495 0.000000 3.258672
v -2.139023 0.000000 3.461141
v -2.240259 0.000000 3.434016
v -2.314369 0.000000 3.359908
v -2.341495 0.000000 3.258675
v -2.341495 0.000000 1.858248
v 2.341495 0.000000 1.858248
vn -0.7302 0.6676 -0.1451
vn -0.7198 0.4915 -0.4903
vn -0.9713 0.1683 -0.1679
vn -0.9695 0.2398 -0.0511
vn 0.1971 0.6942 -0.6923
vn -0.0000 0.7081 -0.7061
vn -0.0000 0.9771 -0.2128
vn 0.1941 0.9586 -0.2083
vn -0.7311 0.1487 0.6659
vn -0.7198 0.4915 0.4902
vn -0.9713 0.1683 0.1679
vn -0.9698 0.0520 0.2382
vn 0.1972 0.6942 0.6923
vn -0.0000 0.7081 0.7062
vn -0.0000 0.2185 0.9758
vn 0.1941 0.2139 0.9574
vn -0.7316 0.1516 -0.6646
vn -0.7552 0.0111 -0.6554
vn -0.9699 0.0025 -0.2435
vn -0.9698 0.0527 -0.2382
vn -0.7563 0.0053 0.6542
vn -0.9699 0.0012 0.2435
vn -0.0000 -0.1957 0.9807
vn -0.0000 -0.7080 0.7062
vn -0.0000 -0.9809 0.1944
vn -0.0000 -0.9809 0.1945
vn -0.0000 -0.9809 -0.1944
vn -0.0000 -0.7080 -0.7062
vn -0.0000 -0.9809 -0.1945
vn -0.0000 -0.1957 -0.9807
vn -0.0000 -0.0000 1.0000
vn -0.0000 -0.0000 -1.0000
vn -0.7303 0.6676 0.1451
vn -0.9695 0.2398 0.0511
vn -0.0000 0.2232 -0.9748
vn -0.1942 0.2184 -0.9564
vn -0.1971 0.6941 -0.6924
vn -0.0000 0.7080 -0.7062
vn -0.0000 -1.0000 -0.0000
vn 0.1942 0.2184 -0.9563
vn -0.1941 0.9586 -0.2084
vn -0.0000 0.9771 0.2128
vn -0.1941 0.9586 0.2084
vn -0.1971 0.6941 0.6924
vn -0.0000 0.7080 0.7062
vn 0.1941 0.9586 0.2083
vn -0.0000 0.0090 1.0000
vn 0.1958 0.0089 0.9806
vn -0.1941 0.2138 0.9574
vn -0.1958 0.0089 0.9806
vn 0.1959 0.0184 -0.9805
vn -0.0000 0.0187 -0.9998
vn 0.7303 0.6676 -0.1451
vn 0.7303 0.6676 0.1451
vn 0.9695 0.2398 0.0511
vn 0.9695 0.2397 -0.0511
vn -0.1959 0.0184 -0.9805
vn -0.0000 -0.1958 -0.9806
vn -0.0000 -0.1958 -0.9807
vn -0.0000 -0.1958 0.9806
vn -0.0000 -0.1958 0.9807
vn -0.0000 -0.7081 -0.7061
vn -0.0000 -0.7081 0.7061
vn 0.7311 0.1488 0.6659
vn 0.7563 0.0053 0.6541
vn 0.9699 0.0012 0.2435
vn 0.9698 0.0520 0.2382
vn 0.7552 0.0111 -0.6554
vn 0.7316 0.1516 -0.6646
vn 0.9698 0.0527 -0.2382
vn 0.9699 0.0025 -0.2435
vn 0.7198 0.4915 0.4902
vn 0.9713 0.1683 0.1679
vn 0.7198 0.4915 -0.4902
vn 0.9713 0.1683 -0.1679
vn 1.0000 -0.0000 -0.0000
vn 0.9915 0.0004 -0.1300
vn 0.9671 0.2132 -0.1390
vn 0.9817 0.1903 -0.0000
vn -0.0000 1.0000 -0.0000
vn -1.0000 -0.0000 -0.0000
vn -0.9914 0.0006 -0.1308
vn -0.9912 -0.0024 -0.1327
vn -0.9915 0.0007 -0.1302
vn -0.9915 0.0003 0.1304
vn -0.9662 0.2171 0.1391
vn -0.9809 0.1948 -0.0000
vn 0.1395 0.2174 -0.9661
vn -0.1393 0.2183 -0.9659
vn -0.0832 0.7226 -0.6862
vn 0.0841 0.7219 -0.6869
vn 0.1311 -0.0006 -0.9914
vn -0.1306 0.0001 -0.9914
vn -0.1309 0.0006 -0.9914
vn 0.1310 0.0002 -0.9914
vn 0.1954 0.9807 -0.0000
vn 0.1549 0.9875 0.0277
vn -0.1980 0.9801 -0.0140
vn -0.1954 0.9807 -0.0000
vn 0.9915 0.0003 0.1298
vn 0.9671 0.2131 0.1387
vn 0.9915 0.0002 -0.1303
vn 0.6593 0.7470 -0.0857
vn 0.6592 0.7470 0.0857
vn -0.9972 -0.0027 -0.0752
vn -0.6875 0.7214 0.0834
vn -0.7076 0.7066 -0.0000
vn -0.0722 -0.2322 -0.9700
vn 0.3827 0.9239 -0.0000
vn 0.3892 0.9206 -0.0323
vn 0.9239 0.3827 -0.0000
vn 0.1550 0.9875 -0.0277
vn -0.0141 0.9803 -0.1970
vn 0.0145 0.9803 -0.1971
vn 0.2025 0.9792 -0.0141
vn 0.2000 0.9798 -0.0000
vn 0.7141 0.7001 -0.0000
vn 0.6929 0.7161 -0.0838
vn -0.6873 0.7216 -0.0832
vn -0.9661 0.2175 -0.1393
vn -0.1980 0.9801 0.0141
vn 0.6930 0.7161 0.0837
vn 0.1101 0.9878 -0.1101
vn 0.0324 0.9206 -0.3892
vn 0.1334 0.4039 -0.9050
vn 0.5789 0.5743 -0.5789
vn -0.0276 0.9876 0.1547
vn 0.0276 0.9876 0.1543
vn 0.0858 0.7482 0.6578
vn -0.0863 0.7480 0.6581
vn 0.1152 0.2155 0.9697
vn -0.1162 0.2153 0.9696
vn -0.9710 0.2099 0.1142
vn -0.9751 0.1907 -0.1136
vn -0.6661 0.7409 -0.0857
vn -0.6661 0.7409 0.0858
vn -0.0277 0.9876 -0.1547
vn 0.0276 0.9876 -0.1544
vn -0.0141 0.9803 0.1970
vn 0.0145 0.9803 0.1971
vn -0.1583 0.9870 -0.0282
vn -0.2000 0.9798 -0.0000
vn 0.2025 0.9792 0.0141
vn 0.9741 0.1953 -0.1143
vn 0.9699 0.2145 0.1149
vn 0.9749 -0.0678 -0.2122
vn 0.9914 -0.0004 0.1306
vn -0.3827 0.9239 -0.0000
vn -0.3826 0.9239 -0.0000
vn -0.9239 0.3827 -0.0000
vn 0.9051 0.4039 -0.1331
vn -0.1305 0.0002 -0.9914
vn -0.1334 0.4044 -0.9048
vn -0.0000 0.3827 -0.9239
vn -0.1307 -0.0003 0.9914
vn -0.1304 -0.0004 0.9915
vn 0.0321 0.9206 -0.3891
vn -0.0000 0.9239 -0.3827
vn -0.3891 0.9206 -0.0321
vn 0.0325 0.9206 -0.3893
vn 0.1332 0.4035 -0.9052
vn -0.1101 0.9878 0.1101
vn -0.3862 0.9223 -0.0115
vn 0.1101 0.9878 0.1101
vn 0.3891 0.9206 -0.0321
vn 0.1305 -0.0000 -0.9914
vn -0.9048 0.4044 -0.1334
vn 0.9914 0.0002 -0.1306
vn 0.9914 0.0002 -0.1305
vn 0.9914 -0.0000 -0.1305
vn 0.9052 0.4035 -0.1332
vn -0.1305 -0.0000 -0.9914
vn -0.1332 0.4035 -0.9052
vn -0.9914 0.0002 -0.1305
vn 0.1334 0.4044 -0.9048
vn 0.1305 0.0002 -0.9914
vn -0.9052 0.4035 -0.1332
vn -0.9914 -0.0000 -0.1305
vn 0.7071 -0.0000 -0.7071
vn 0.9048 0.4044 -0.1334
vn -0.0321 0.9206 -0.3891
vn -0.3893 0.9206 -0.0325
vn 0.3893 0.9206 -0.0325
vn -0.9259 0.3778 -0.0082
vn -0.0325 0.9206 -0.3893
vn -0.8959 0.4444 -0.0000
vn 0.8959 0.4444 -0.0000
vn -0.0000 0.4444 0.8959
vn -0.9973 0.0521 0.0527
vn 0.1309 0.0003 -0.9914
vn -0.1303 0.0007 -0.9915
vn -0.0093 0.9912 0.1322
vn -0.0499 0.8754 0.4807
vn -0.0000 0.8660 0.5000
vn 0.9921 0.1255 0.0007
vn 0.9797 0.1458 0.1379
vn 0.9914 -0.0003 0.1307
vn -0.8387 0.5327 0.1131
vn -0.8672 0.4980 0.0004
vn -0.9918 0.1275 0.0003
vn -0.9796 0.1462 0.1379
vn 0.1132 0.5338 0.8380
vn -0.0000 0.5000 0.8660
vn -0.0000 0.1305 0.9914
vn 0.1380 0.1471 0.9794
vn -0.9914 -0.0003 0.1307
vn 0.1304 -0.0004 0.9915
vn 0.1307 -0.0003 0.9914
vn -0.1380 0.1471 0.9794
vn 0.9915 -0.0004 0.1304
vn -0.0000 0.9239 0.3827
vn 0.0322 0.9206 0.3891
vn -0.0000 0.9914 0.1305
vn -0.0000 0.3827 0.9239
vn -0.1333 0.4041 0.9049
vn -0.1305 0.0002 0.9914
vn 0.1305 0.0002 0.9914
vn 0.1333 0.4041 0.9049
vn -0.0322 0.9206 0.3891
vn 0.9049 0.4041 0.1333
vn 0.9914 0.0002 0.1305
vn -0.3891 0.9206 0.0322
vn -0.9914 0.0002 0.1305
vn -0.9049 0.4041 0.1333
vn 0.3891 0.9206 0.0322
vn 0.0093 0.9912 0.1322
vn 0.0499 0.8754 0.4807
vn 0.5001 0.8660 -0.0000
vn 0.4808 0.8754 0.0499
vn 0.8392 0.5320 0.1130
vn 0.8679 0.4967 0.0008
vn -0.1403 0.9900 0.0104
vn -0.1488 0.9889 -0.0033
vn -0.5110 0.8596 -0.0031
vn -0.4835 0.8739 0.0503
vn -0.1132 0.5338 0.8380
vn -0.1018 0.9935 0.0514
vn -0.0514 0.9935 0.1018
vn 0.1305 0.9914 -0.0000
vn 0.1322 0.9912 0.0093
vn 0.0514 0.9935 0.1018
vn 0.1018 0.9935 0.0514
vn -0.9915 -0.0004 0.1304
vn 0.9914 -0.0005 -0.1305
vn 0.1305 -0.0006 -0.9914
vn 0.9915 -0.0006 -0.1300
vn -0.1582 0.9870 0.0282
vn -0.1001 0.2082 -0.9729
vn 0.0992 0.2084 -0.9730
vn 0.0858 0.7482 -0.6579
vn -0.0863 0.7480 -0.6581
vn 0.0842 0.7219 0.6869
vn -0.0834 0.7224 0.6864
vn -0.1393 0.2179 0.9660
vn 0.1397 0.2173 0.9661
vn 0.1307 0.0001 -0.9914
vn 0.9915 0.0001 -0.1304
vn -0.9915 -0.0004 0.1300
vn -0.9750 -0.0679 -0.2114
vn 0.9972 0.0520 0.0529
vn -0.0992 -0.0144 -0.9950
vn 0.0986 -0.0143 -0.9950
vn 0.1314 0.0004 0.9913
vn 0.1312 0.0003 0.9914
vn -0.1306 0.0003 0.9914
vn -0.1309 0.0004 0.9914
vn 0.1309 -0.0004 0.9914
vn -0.1316 -0.0004 0.9913
vn 0.1974 0.3755 -0.9056
vn 0.1969 0.0960 -0.9757
vn -0.0000 0.0980 -0.9952
vn 0.7207 0.0069 -0.6932
vn 0.9824 0.0188 -0.1859
vn 0.9828 -0.0000 -0.1848
vn 0.7170 -0.0000 -0.6971
vn 0.9824 0.0188 0.1859
vn 0.7201 0.0069 0.6939
vn 0.7170 -0.0000 0.6971
vn 0.9828 -0.0000 0.1848
vn -0.1938 -0.0967 0.9763
vn -0.1938 -0.0956 0.9764
vn -0.4902 0.6625 0.5664
vn -0.4461 0.5325 0.7193
vn -0.2051 -0.6909 -0.6933
vn -0.2051 -0.6932 -0.6909
vn -0.2091 -0.9038 -0.3734
vn -0.2091 -0.9031 -0.3751
vn -0.2091 -0.9031 0.3751
vn -0.2091 -0.9038 0.3734
vn -0.2051 -0.6932 0.6909
vn -0.2051 -0.6909 0.6933
vn -0.1990 -0.3729 -0.9063
vn -0.1991 -0.3770 -0.9046
vn -0.2105 -0.9776 -0.0000
vn -0.1990 -0.3729 0.9063
vn -0.1991 -0.3770 0.9046
vn -0.1938 -0.0967 -0.9763
vn -0.1938 -0.0956 -0.9764
vn -0.4461 0.5325 -0.7193
vn -0.4902 0.6625 -0.5664
vn 0.1986 -0.0000 -0.9801
vn 0.1984 0.6932 -0.6929
vn -0.0000 0.7071 -0.7071
vn 0.1990 0.9055 -0.3749
vn 0.1993 0.9799 -0.0000
vn 0.1990 0.9055 0.3749
vn 0.1984 0.6932 0.6929
vn -0.0000 0.7071 0.7071
vn 0.1974 0.3755 0.9056
vn 0.1969 0.0960 0.9757
vn -0.0000 0.0980 0.9952
vn 0.1986 -0.0000 0.9801
vn 0.1937 -0.9063 0.3757
vn -0.0000 -0.9239 0.3827
vn -0.0000 -0.7071 0.7071
vn 0.1924 -0.6934 0.6943
vn 0.1924 -0.6934 -0.6943
vn -0.0000 -0.7071 -0.7071
vn -0.0000 -0.9239 -0.3827
vn 0.1937 -0.9063 -0.3757
vn 0.3182 0.6481 0.6919
vn 0.3182 0.6481 -0.6919
vn -0.0000 -0.0980 -0.9952
vn 0.1834 -0.0961 -0.9783
vn 0.1834 -0.0961 0.9783
vn -0.0000 -0.0980 0.9952
vn 0.1942 -0.9810 -0.0000
vn -0.0000 -0.3827 -0.9239
vn 0.1902 -0.3748 -0.9074
vn -0.0000 -0.3827 0.9239
vn 0.1902 -0.3748 0.9074
vn 0.9909 0.0670 0.1166
vn 0.9915 0.0672 -0.1119
vn 1.0000 -0.0041 0.0077
vn 0.9987 -0.0042 0.0506
vn 0.7228 0.0667 -0.6878
vn 0.7121 0.2682 -0.6489
vn 0.9998 -0.0135 0.0127
vn 0.7123 0.4961 -0.4965
vn 1.0000 -0.0072 0.0026
vn 0.7136 0.6472 -0.2683
vn 0.9999 -0.0172 -0.0000
vn 0.7133 0.7009 -0.0000
vn 1.0000 -0.0060 -0.0019
vn 0.7122 0.6487 0.2683
vn 1.0000 -0.0041 -0.0032
vn 0.7100 0.4977 0.4981
vn 1.0000 -0.0027 -0.0045
vn 0.7087 0.2697 0.6519
vn 0.9994 -0.0025 -0.0352
vn 0.7194 0.0682 0.6912
vn 0.6835 -0.0690 0.7267
vn 0.7050 -0.2699 0.6558
vn 0.7073 -0.4994 0.5003
vn 0.7095 -0.6508 0.2701
vn 0.7096 -0.7046 -0.0000
vn 0.7109 -0.6502 -0.2680
vn 0.7107 -0.4970 -0.4979
vn 0.7084 -0.2693 -0.6524
vn 0.6882 -0.0700 -0.7221
vn 0.8794 0.3126 -0.3591
vn 0.8775 0.3124 0.3638
vn -0.4765 -0.1975 0.8567
vn -0.4765 0.1975 0.8567
vn 0.1589 -0.0640 0.9852
vn 0.1589 0.0640 0.9852
vn -0.3363 -0.8164 0.4695
vn 0.3363 -0.8164 0.4695
vn 0.3358 -0.7902 0.5126
vn -0.3358 -0.7902 0.5126
vn 0.8348 -0.3688 0.4087
vn 0.8348 0.3688 0.4087
vn 0.8952 0.2715 0.3534
vn 0.8952 -0.2715 0.3534
vn 0.3827 -0.9239 0.0001
vn 0.3750 -0.9053 0.1995
vn -0.3750 -0.9053 0.1995
vn -0.3827 -0.9239 0.0001
vn 0.4765 0.1975 0.8567
vn 0.4765 -0.1975 0.8567
vn -0.1589 0.0640 0.9852
vn -0.1589 -0.0640 0.9852
vn -0.3363 0.8164 0.4695
vn -0.8348 0.3688 0.4087
vn -0.8952 0.2715 0.3534
vn -0.3358 0.7902 0.5126
vn -0.9053 -0.3750 0.1995
vn -0.9239 -0.3827 0.0001
vn -0.8348 -0.3688 0.4087
vn -0.8952 -0.2715 0.3534
vn -0.1912 -0.4622 0.8659
vn 0.0670 0.1614 0.9846
vn 0.9239 -0.3827 0.0001
vn 0.9239 0.3827 0.0001
vn 0.9053 0.3750 0.1995
vn 0.9053 -0.3750 0.1995
vn 0.3363 0.8164 0.4695
vn 0.3358 0.7902 0.5126
vn 0.3827 0.9239 0.0001
vn 0.3750 0.9053 0.1995
vn -0.9053 0.3750 0.1995
vn -0.9239 0.3827 0.0001
vn -0.3750 0.9053 0.1995
vn -0.3827 0.9239 0.0001
vn 0.0670 -0.1614 0.9846
vn 0.2797 -0.6753 0.6824
vn 0.6753 -0.2797 0.6824
vn 0.6753 0.2797 0.6824
vn -0.0670 -0.1614 0.9846
vn -0.2797 -0.6753 0.6824
vn -0.6753 -0.2797 0.6824
vn -0.6753 0.2797 0.6824
vn -0.0670 0.1614 0.9846
vn -0.2797 0.6753 0.6824
vn 0.2797 0.6753 0.6824
vn 0.1912 0.4622 0.8659
vn -0.1912 0.4622 0.8659
vn 0.1912 -0.4622 0.8659
vn 0.8567 0.1975 0.4765
vn 0.8659 0.4622 0.1912
vn 0.9846 -0.1614 -0.0670
vn 0.9852 -0.0640 -0.1589
vn -0.4765 -0.1975 -0.8567
vn 0.1589 0.0640 -0.9852
vn 0.1589 -0.0640 -0.9852
vn -0.4765 0.1975 -0.8567
vn -0.3363 -0.8164 -0.4695
vn -0.3358 -0.7902 -0.5126
vn 0.3358 -0.7902 -0.5126
vn 0.3363 -0.8164 -0.4695
vn 0.8348 -0.3688 -0.4087
vn 0.8952 -0.2715 -0.3534
vn 0.8952 0.2715 -0.3534
vn 0.8348 0.3688 -0.4087
vn 0.3827 -0.9239 -0.0001
vn -0.3827 -0.9239 -0.0001
vn -0.3750 -0.9053 -0.1995
vn 0.3750 -0.9053 -0.1995
vn 0.4765 0.1975 -0.8567
vn -0.1589 -0.0640 -0.9852
vn -0.1589 0.0640 -0.9852
vn 0.4765 -0.1975 -0.8567
vn -0.3363 0.8164 -0.4695
vn -0.3358 0.7902 -0.5126
vn -0.8952 0.2715 -0.3534
vn -0.8348 0.3688 -0.4087
vn -0.9239 -0.3827 -0.0001
vn -0.9053 -0.3750 -0.1995
vn -0.8348 -0.3688 -0.4087
vn -0.8952 -0.2715 -0.3534
vn -0.1912 -0.4622 -0.8659
vn 0.0670 0.1614 -0.9846
vn 0.9239 -0.3827 -0.0001
vn 0.9053 -0.3750 -0.1995
vn 0.9053 0.3750 -0.1995
vn 0.9239 0.3827 -0.0001
vn 0.3363 0.8164 -0.4695
vn 0.3358 0.7902 -0.5126
vn 0.3827 0.9239 -0.0001
vn 0.3750 0.9053 -0.1995
vn -0.9239 0.3827 -0.0001
vn -0.9053 0.3750 -0.1995
vn -0.3750 0.9053 -0.1995
vn -0.3827 0.9239 -0.0001
vn 0.6753 -0.2797 -0.6824
vn 0.2797 -0.6753 -0.6824
vn 0.0670 -0.1614 -0.9846
vn 0.6753 0.2797 -0.6824
vn -0.2797 -0.6753 -0.6824
vn -0.0670 -0.1614 -0.9846
vn -0.6753 -0.2797 -0.6824
vn -0.6753 0.2797 -0.6824
vn -0.2797 0.6753 -0.6824
vn -0.0670 0.1614 -0.9846
vn 0.2797 0.6753 -0.6824
vn 0.1912 0.4622 -0.8659
vn -0.8567 0.1975 -0.4765
vn -0.8659 0.4622 -0.1912
vn -0.9846 -0.1614 0.0670
vn -0.9852 -0.0640 0.1589
vn 0.1912 -0.4622 -0.8659
vn -0.1912 0.4622 -0.8659
vn -0.8567 -0.1975 -0.4765
vn -0.9852 0.0640 0.1589
vn -0.4695 -0.8164 -0.3363
vn -0.4695 -0.8164 0.3363
vn -0.5126 -0.7902 0.3358
vn -0.5126 -0.7902 -0.3358
vn -0.4087 -0.3688 0.8348
vn -0.4087 0.3688 0.8348
vn -0.3534 0.2715 0.8952
vn -0.3534 -0.2715 0.8952
vn -0.0001 -0.9239 0.3827
vn -0.1995 -0.9053 0.3750
vn -0.1995 -0.9053 -0.3750
vn -0.0001 -0.9239 -0.3827
vn -0.8567 0.1975 0.4765
vn -0.8567 -0.1975 0.4765
vn -0.9852 0.0640 -0.1589
vn -0.9852 -0.0640 -0.1589
vn -0.4695 0.8164 -0.3363
vn -0.4087 0.3688 -0.8348
vn -0.3534 0.2715 -0.8952
vn -0.5126 0.7902 -0.3358
vn -0.1995 -0.3750 -0.9053
vn -0.0001 -0.3827 -0.9239
vn -0.4087 -0.3688 -0.8348
vn -0.3534 -0.2715 -0.8952
vn -0.8659 -0.4622 -0.1912
vn -0.9846 0.1614 0.0670
vn -0.0001 -0.3827 0.9239
vn -0.0001 0.3827 0.9239
vn -0.1995 0.3750 0.9053
vn -0.1995 -0.3750 0.9053
vn -0.4695 0.8164 0.3363
vn -0.5126 0.7902 0.3358
vn -0.0001 0.9239 0.3827
vn -0.1995 0.9053 0.3750
vn -0.1995 0.3750 -0.9053
vn -0.0001 0.3827 -0.9239
vn -0.1995 0.9053 -0.3750
vn -0.0001 0.9239 -0.3827
vn -0.6824 -0.6753 0.2797
vn -0.6824 -0.2797 0.6753
vn -0.6824 0.2797 0.6753
vn -0.9846 -0.1614 -0.0670
vn -0.6824 -0.6753 -0.2797
vn -0.6824 -0.2797 -0.6753
vn -0.6824 0.2797 -0.6753
vn -0.9846 0.1614 -0.0670
vn -0.6824 0.6753 -0.2797
vn -0.6824 0.6753 0.2797
vn -0.8659 0.4622 0.1912
vn -0.8659 -0.4622 0.1912
vn 0.3688 0.9295 -0.0000
vn 0.3688 0.6572 -0.6572
vn 0.3688 -0.6572 -0.6572
vn 0.3688 -0.9295 -0.0000
vn 0.3688 -0.6572 0.6572
vn 0.3688 -0.0000 0.9295
vn 0.3688 0.6572 0.6572
vn 0.3688 -0.0000 -0.9295
vn 0.8991 0.3095 -0.3095
vn 0.8991 -0.0000 -0.4377
vn 0.8991 -0.3095 -0.3095
vn 0.8991 -0.4377 -0.0000
vn 0.8991 -0.3095 0.3095
vn 0.8991 -0.0000 0.4377
vn 0.8991 0.3095 0.3095
vn 0.8991 0.4377 -0.0000
vn -0.3688 0.6572 -0.6573
vn -0.8991 0.3095 -0.3095
vn -0.8991 0.4377 -0.0000
vn -0.3688 0.9295 -0.0000
vn -0.4091 0.9125 -0.0000
vn -0.4091 0.6452 -0.6452
vn -0.6824 0.5169 -0.5169
vn -0.6824 0.7310 -0.0000
vn -0.9339 0.2527 -0.2527
vn -0.9339 0.3574 -0.0000
vn -0.4091 -0.0000 -0.9125
vn -0.6824 -0.0000 -0.7310
vn -0.9339 -0.0000 -0.3574
vn -0.4091 -0.6452 -0.6452
vn -0.6824 -0.5169 -0.5169
vn -0.9339 -0.2527 -0.2527
vn -0.4091 -0.9125 -0.0000
vn -0.6824 -0.7310 -0.0000
vn -0.9339 -0.3574 -0.0000
vn -0.4091 -0.6452 0.6452
vn -0.6824 -0.5169 0.5169
vn -0.9339 -0.2527 0.2527
vn -0.4091 -0.0000 0.9125
vn -0.6824 -0.0000 0.7310
vn -0.9339 -0.0000 0.3574
vn -0.4091 0.6452 0.6452
vn -0.6824 0.5169 0.5169
vn -0.9339 0.2527 0.2527
vn -0.3688 -0.9295 -0.0000
vn -0.3688 -0.6572 -0.6573
vn -0.3688 -0.6572 0.6572
vn -0.3688 -0.0000 0.9295
vn -0.3688 0.6572 0.6572
vn -0.3688 -0.0000 -0.9295
vn -0.8991 -0.0000 -0.4377
vn -0.8991 -0.3095 -0.3095
vn -0.8991 -0.4377 -0.0000
vn -0.8991 -0.3095 0.3095
vn -0.8991 -0.0000 0.4377
vn -0.8991 0.3095 0.3095
vn 0.4091 0.9125 -0.0000
vn 0.6824 0.7310 -0.0000
vn 0.6824 0.5169 -0.5169
vn 0.4091 0.6452 -0.6452
vn 0.9340 0.3574 -0.0000
vn 0.9340 0.2527 -0.2527
vn 0.6824 -0.0000 -0.7310
vn 0.4091 -0.0000 -0.9125
vn 0.9340 -0.0000 -0.3574
vn 0.6824 -0.5169 -0.5169
vn 0.4091 -0.6452 -0.6452
vn 0.9340 -0.2527 -0.2527
vn 0.6824 -0.7310 -0.0000
vn 0.4091 -0.9125 -0.0000
vn 0.9340 -0.3574 -0.0000
vn 0.6824 -0.5169 0.5169
vn 0.4091 -0.6452 0.6452
vn 0.9340 -0.2527 0.2527
vn 0.6824 -0.0000 0.7310
vn 0.4091 -0.0000 0.9125
vn 0.9340 -0.0000 0.3574
vn 0.6824 0.5169 0.5169
vn 0.4091 0.6452 0.6452
vn 0.9340 0.2527 0.2527
vn -0.3688 -0.6572 -0.6572
vn -0.3688 -0.6572 0.6573
vn -0.3688 0.6572 0.6573
vn -0.3688 0.6572 -0.6572
vn 0.9339 -0.0000 -0.3574
vn -0.3688 -0.6573 -0.6572
vn 0.8567 -0.1975 0.4765
vn 0.9852 0.0640 -0.1589
vn 0.4695 -0.8164 0.3363
vn 0.4695 -0.8164 -0.3363
vn 0.5126 -0.7902 -0.3358
vn 0.5126 -0.7902 0.3358
vn 0.4087 -0.3688 -0.8348
vn 0.4087 0.3688 -0.8348
vn 0.3534 0.2715 -0.8952
vn 0.3534 -0.2715 -0.8952
vn 0.0001 -0.9239 -0.3827
vn 0.1995 -0.9053 -0.3750
vn 0.1995 -0.9053 0.3750
vn 0.0001 -0.9239 0.3827
vn 0.8567 0.1975 -0.4765
vn 0.8567 -0.1975 -0.4765
vn 0.9852 0.0640 0.1589
vn 0.9852 -0.0640 0.1589
vn 0.4695 0.8164 0.3363
vn 0.4087 0.3688 0.8348
vn 0.3534 0.2715 0.8952
vn 0.5126 0.7902 0.3358
vn 0.1995 -0.3750 0.9053
vn 0.0001 -0.3827 0.9239
vn 0.4087 -0.3688 0.8348
vn 0.3534 -0.2715 0.8952
vn 0.8659 -0.4622 0.1912
vn 0.9846 0.1614 -0.0670
vn 0.0001 -0.3827 -0.9239
vn 0.0001 0.3827 -0.9239
vn 0.1995 0.3750 -0.9053
vn 0.1995 -0.3750 -0.9053
vn 0.4695 0.8164 -0.3363
vn 0.5126 0.7902 -0.3358
vn 0.0001 0.9239 -0.3827
vn 0.1995 0.9053 -0.3750
vn 0.1995 0.3750 0.9053
vn 0.0001 0.3827 0.9239
vn 0.1995 0.9053 0.3750
vn 0.0001 0.9239 0.3827
vn 0.6824 -0.6753 -0.2797
vn 0.6824 -0.2797 -0.6753
vn 0.6824 0.2797 -0.6753
vn 0.9846 -0.1614 0.0670
vn 0.6824 -0.6753 0.2797
vn 0.6824 -0.2797 0.6753
vn 0.6824 0.2797 0.6753
vn 0.9846 0.1614 0.0670
vn 0.6824 0.6753 0.2797
vn 0.6824 0.6753 -0.2797
vn 0.8659 0.4622 -0.1912
vn 0.8659 -0.4622 -0.1912
vn 0.3534 0.2716 -0.8952
vn -0.0000 0.9295 0.3688
vn 0.6572 0.6572 0.3688
vn 0.7071 0.7071 -0.0000
vn 0.7071 -0.7071 -0.0000
vn 0.6573 -0.6572 0.3688
vn -0.0000 -0.9295 0.3688
vn -0.6572 -0.6572 0.3688
vn -0.7071 -0.7071 -0.0000
vn -0.9295 -0.0000 0.3688
vn -0.6572 0.6572 0.3688
vn -0.7071 0.7071 -0.0000
vn 0.9295 -0.0000 0.3688
vn 0.3095 0.3095 0.8991
vn 0.4377 -0.0000 0.8991
vn 0.3095 -0.3095 0.8991
vn -0.0000 -0.4377 0.8991
vn -0.3095 -0.3095 0.8991
vn -0.4377 -0.0000 0.8991
vn -0.3095 0.3095 0.8991
vn -0.0000 0.4377 0.8991
vn -0.0000 0.9125 -0.4091
vn 0.6452 0.6452 -0.4091
vn 0.5169 0.5169 -0.6824
vn -0.0000 0.7310 -0.6824
vn 0.2527 0.2527 -0.9340
vn -0.0000 0.3574 -0.9340
vn 0.9125 -0.0000 -0.4091
vn 0.7310 -0.0000 -0.6824
vn 0.3574 -0.0000 -0.9340
vn 0.6452 -0.6452 -0.4091
vn 0.5169 -0.5169 -0.6824
vn 0.2527 -0.2527 -0.9340
vn -0.0000 -0.9125 -0.4091
vn -0.0000 -0.7310 -0.6824
vn -0.0000 -0.3574 -0.9340
vn -0.6452 -0.6452 -0.4091
vn -0.5169 -0.5169 -0.6824
vn -0.2527 -0.2527 -0.9339
vn -0.9125 -0.0000 -0.4091
vn -0.7310 -0.0000 -0.6824
vn -0.3574 -0.0000 -0.9339
vn -0.6452 0.6452 -0.4091
vn -0.5169 0.5169 -0.6824
vn -0.2527 0.2527 -0.9339
vn 0.6572 -0.6572 0.3688
vn 0.2527 0.2527 -0.9339
vn -0.0000 0.3574 -0.9339
vn 0.2527 -0.2527 -0.9339
vn -0.0000 -0.3574 -0.9339
vn 0.3574 -0.0000 -0.9339
vn -0.5113 0.8593 -0.0078
vn -0.8670 0.4983 0.0009
vn 0.8678 0.4970 0.0019
vn -0.1341 0.9909 -0.0071
vn -0.5334 -0.0069 -0.8459
vn -0.5004 0.0017 -0.8658
vn -0.8630 -0.0150 -0.5049
vn -0.8660 0.0017 -0.5000
vn 0.8664 -0.0015 -0.4994
vn 0.8665 0.0007 -0.4992
vn 0.5010 -0.0015 -0.8655
vn 0.5010 0.0006 -0.8654
vn -0.3837 -0.6533 -0.6527
vn -0.4575 0.0014 -0.8892
vn -0.6585 -0.6514 -0.3769
vn -0.8337 0.0027 -0.5522
vn -0.4625 -0.8775 -0.1269
vn -0.9644 0.0018 -0.2646
vn 0.9915 -0.0002 -0.1301
vn 0.8665 -0.0006 -0.4992
vn 0.8665 -0.0018 -0.4991
vn 0.5006 -0.0006 -0.8657
vn 0.5005 -0.0018 -0.8657
vn 0.1306 -0.0002 -0.9914
vn -0.0776 0.9852 0.1529
vn -0.3208 0.7545 0.5726
vn -0.1533 0.9851 0.0774
vn -0.5733 0.7541 0.3204
vn -0.3203 0.7551 -0.5721
vn -0.0774 0.9852 -0.1527
vn -0.5727 0.7547 -0.3200
vn -0.1532 0.9852 -0.0773
vn -0.4919 0.2496 0.8341
vn -0.8344 0.2494 0.4915
vn -0.4918 0.2504 -0.8339
vn -0.8341 0.2501 -0.4916
vn 0.5775 0.7506 -0.3211
vn 0.1563 0.9846 -0.0778
vn 0.3233 0.7528 -0.5735
vn 0.0789 0.9850 -0.1533
vn 0.8354 0.2466 -0.4912
vn 0.4928 0.2481 -0.8340
vn 0.3236 0.7527 0.5734
vn 0.0790 0.9850 0.1533
vn 0.5777 0.7505 0.3209
vn 0.1564 0.9846 0.0778
vn 0.4934 0.2479 0.8337
vn 0.8358 0.2464 0.4907
vn 0.4326 0.2269 -0.8726
vn 0.2925 0.8091 -0.5097
vn 0.8322 0.2081 -0.5140
vn 0.5106 0.8087 -0.2922
vn 0.2924 0.8093 0.5095
vn 0.4733 0.2616 0.8412
vn 0.5103 0.8088 0.2921
vn 0.8418 0.2611 0.4725
vn 0.0646 0.9925 -0.1037
vn 0.1039 0.9925 -0.0646
vn 0.0645 0.9925 0.1036
vn 0.1038 0.9925 0.0646
vn -0.5158 0.8049 0.2933
vn -0.8440 0.2571 0.4706
vn -0.2947 0.8077 0.5107
vn -0.4761 0.2599 0.8401
vn -0.1055 0.9923 0.0656
vn -0.0651 0.9924 0.1044
vn -0.2948 0.8077 -0.5107
vn -0.4353 0.2252 -0.8716
vn -0.5159 0.8049 -0.2932
vn -0.8345 0.2040 -0.5119
vn -0.0651 0.9924 -0.1044
vn -0.1056 0.9922 -0.0656
vn 0.7822 -0.1124 -0.6127
vn 0.4034 -0.0696 -0.9124
vn 0.5005 -0.0012 0.8657
vn 0.8661 -0.0012 0.4998
vn -0.8672 -0.0012 0.4979
vn -0.5024 -0.0012 0.8646
vn -0.4051 -0.0698 -0.9116
vn -0.7835 -0.1126 -0.6111
vn -0.5000 0.0019 -0.8660
vn -0.8662 0.0019 -0.4996
vn -0.5002 0.0008 0.8659
vn -0.8662 0.0008 0.4997
vn 0.8667 0.0010 -0.4988
vn 0.5011 0.0010 -0.8654
vn 0.5018 0.0008 0.8650
vn 0.8671 0.0008 0.4981
vn 0.7786 0.4272 -0.4596
vn 0.3179 0.9337 -0.1650
vn 0.4604 0.4272 -0.7782
vn 0.1654 0.9337 -0.3177
vn 0.5004 0.0004 -0.8658
vn 0.8663 0.0004 -0.4996
vn -0.3172 0.9340 -0.1647
vn -0.7781 0.4279 -0.4599
vn -0.1647 0.9340 -0.3172
vn -0.4599 0.4279 -0.7781
vn 0.1647 0.9340 -0.3172
vn 0.4599 0.4279 -0.7781
vn 0.3172 0.9340 -0.1647
vn 0.7781 0.4279 -0.4599
vn -0.1306 0.0002 -0.9914
vn -0.5001 0.0005 -0.8660
vn -0.5000 0.0005 -0.8660
vn -0.8660 0.0005 -0.5001
vn -0.8660 0.0005 -0.5000
vn -0.9914 0.0002 -0.1306
vn 0.8660 0.0005 -0.5001
vn 0.8660 0.0005 -0.5000
vn 0.5001 0.0005 -0.8660
vn 0.5000 0.0005 -0.8660
vn 0.1306 0.0002 -0.9914
vn 0.7787 0.4265 -0.4602
vn 0.3182 0.9334 -0.1656
vn 0.4602 0.4265 -0.7787
vn 0.1656 0.9334 -0.3182
vn -0.3182 0.9334 -0.1656
vn -0.7787 0.4265 -0.4602
vn -0.1656 0.9334 -0.3182
vn -0.4602 0.4265 -0.7787
vn -0.8660 -0.0001 -0.5000
vn -0.5000 -0.0001 -0.8660
vn 0.8660 -0.0001 -0.5000
vn 0.5000 -0.0001 -0.8660
vn -0.5001 -0.0007 0.8660
vn -0.4999 -0.0010 0.8661
vn -0.8659 -0.0007 0.5001
vn -0.8661 -0.0010 0.4999
vn 0.1304 -0.0001 0.9915
vn 0.4999 -0.0003 0.8661
vn 0.4999 -0.0010 0.8661
vn 0.8660 -0.0004 0.5000
vn 0.8661 -0.0010 0.4999
vn 0.9915 -0.0001 0.1305
vn 0.2040 0.9028 0.3787
vn 0.3787 0.9028 0.2039
vn 0.4048 0.5845 0.7032
vn 0.7033 0.5844 0.4048
vn 0.4984 0.1736 0.8494
vn 0.8494 0.1735 0.4984
vn -0.3787 0.9028 0.2039
vn -0.2040 0.9028 0.3787
vn -0.7033 0.5844 0.4047
vn -0.4048 0.5845 0.7032
vn -0.8494 0.1735 0.4984
vn -0.4984 0.1736 0.8494
vn -0.8661 0.0010 0.4999
vn -0.5004 0.0010 0.8658
vn 0.5001 -0.0007 0.8660
vn 0.8659 -0.0007 0.5001
vn 0.3175 0.9338 0.1650
vn 0.7782 0.4276 0.4599
vn 0.1650 0.9338 0.3175
vn 0.4599 0.4276 0.7782
vn -0.7782 0.4276 0.4599
vn -0.3175 0.9338 0.1650
vn -0.4599 0.4276 0.7782
vn -0.1650 0.9338 0.3175
vn 0.1306 0.0002 0.9914
vn 0.5001 0.0005 0.8660
vn 0.5000 0.0005 0.8660
vn 0.8660 0.0005 0.5001
vn 0.8660 0.0005 0.5000
vn 0.9914 0.0002 0.1306
vn -0.5000 0.0005 0.8660
vn -0.8660 0.0005 0.5000
vn 0.5019 0.0010 0.8649
vn 0.8670 0.0011 0.4983
vn -0.2340 0.9722 0.0080
vn -0.3667 0.9303 0.0126
vn -0.9906 0.1365 -0.0000
vn -0.7604 0.6492 -0.0148
vn -0.8660 -0.0004 0.5000
vn -0.9915 -0.0001 0.1305
vn -0.4999 -0.0003 0.8661
vn -0.1304 -0.0001 0.9915
vn -0.9038 -0.0232 -0.4274
vn -0.4561 0.8895 -0.0269
vn -0.6785 0.7342 0.0233
vn -0.8660 0.0005 0.5001
vn -0.9914 0.0002 0.1306
vn -0.5001 0.0005 0.8660
vn -0.1306 0.0002 0.9914
vn 0.8662 0.0004 -0.4996
vn 0.9915 0.0001 -0.1305
vn 0.5005 0.0004 -0.8658
vn 0.1308 0.0001 -0.9914
vt 0.339583 0.984435
vt 0.340456 0.028448
vt 0.151402 0.995095
vt 0.130287 0.210376
vt 0.133021 0.020620
vt 0.151414 0.994876
s 1
usemtl BASE_MATERIAL
f 98/1/1 104/1/2 12/1/3 9/1/4
f 101/1/5 37/1/6 36/1/7 99/1/8
f 86/1/9 92/1/10 6/1/11 3/1/12
f 89/1/13 25/1/14 24/1/15 87/1/16
f 108/1/17 82/1/18 1/1/19 14/1/20
f 110/1/21 86/1/9 3/1/12 15/1/22
f 76/1/23 72/1/24 12/1/24 14/1/23
f 72/1/24 65/1/25 9/1/26 12/1/24
f 64/1/27 60/1/28 6/1/28 8/1/29
f 60/1/28 53/1/30 3/1/30 6/1/28
f 65/1/25 64/1/27 8/1/29 9/1/26
f 76/1/23 14/1/23 1/1/31 52/1/31
f 53/1/30 77/1/32 15/1/32 3/1/30
f 96/1/33 98/1/1 9/1/4 8/1/34
f 44/1/35 107/1/36 103/1/37 40/1/38
f 45/1/39 109/1/39 110/1/39 15/1/39 77/1/39
f 105/1/40 41/1/35 37/1/6 101/1/5
f 40/1/38 103/1/37 97/1/41 33/1/7
f 32/1/42 95/1/43 91/1/44 28/1/45
f 99/1/8 36/1/7 29/1/42 93/1/46
f 87/1/16 24/1/15 48/1/47 111/1/48
f 21/1/15 85/1/49 109/1/50 45/1/47
f 33/1/7 97/1/41 95/1/43 32/1/42
f 92/1/10 96/1/33 8/1/34 6/1/11
f 17/1/39 83/1/39 84/1/39 2/1/39 49/1/39
f 105/1/40 83/1/51 17/1/52 41/1/35
f 28/1/45 91/1/44 85/1/49 21/1/15
f 100/1/53 94/1/54 7/1/55 10/1/56
f 112/1/39 111/1/39 48/1/39 80/1/39 16/1/39
f 48/2/39 47/2/39 79/2/39 80/2/39
f 47/1/39 46/1/39 78/1/39 79/1/39
f 46/2/39 45/2/39 77/2/39 78/2/39
f 44/1/35 20/1/52 81/1/57 107/1/36
f 20/2/39 19/2/39 51/2/39 52/2/39
f 19/1/39 18/1/39 50/1/39 51/1/39
f 18/2/39 17/2/39 49/2/39 50/2/39
f 4/1/58 16/1/32 80/1/32 56/1/58
f 56/2/58 80/2/32 79/2/32 55/2/58
f 55/1/58 79/1/32 78/1/32 54/1/59
f 54/2/59 78/2/32 77/2/32 53/2/30
f 13/1/60 73/1/60 49/1/31 2/1/31
f 73/2/60 74/2/60 50/2/31 49/2/31
f 74/1/60 75/1/61 51/1/31 50/1/31
f 75/2/61 76/2/23 52/2/31 51/2/31
f 10/1/25 7/1/27 61/1/27 68/1/25
f 68/2/25 61/2/27 62/2/27 67/2/25
f 67/1/25 62/1/27 63/1/27 66/1/25
f 66/2/25 63/2/27 64/2/27 65/2/25
f 5/1/62 4/1/58 56/1/58 57/1/62
f 57/2/62 56/2/58 55/2/58 58/2/62
f 58/1/62 55/1/58 54/1/59 59/1/62
f 59/2/62 54/2/59 53/2/30 60/2/28
f 7/1/27 5/1/62 57/1/62 61/1/27
f 61/2/27 57/2/62 58/2/62 62/2/27
f 62/1/27 58/1/62 59/1/62 63/1/27
f 63/2/27 59/2/62 60/2/28 64/2/27
f 11/1/63 10/1/25 68/1/25 69/1/63
f 69/2/63 68/2/25 67/2/25 70/2/63
f 70/1/63 67/1/25 66/1/25 71/1/63
f 71/2/63 66/2/25 65/2/25 72/2/24
f 13/1/60 11/1/63 69/1/63 73/1/60
f 73/2/60 69/2/63 70/2/63 74/2/60
f 74/1/60 70/1/63 71/1/63 75/1/61
f 75/2/61 71/2/63 72/2/24 76/2/23
f 93/1/46 29/1/42 25/1/14 89/1/13
f 24/2/15 23/2/15 47/2/47 48/2/47
f 23/1/15 22/1/15 46/1/47 47/1/47
f 22/2/15 21/2/15 45/2/47 46/2/47
f 88/1/64 112/1/65 16/1/66 4/1/67
f 41/2/35 17/2/52 18/2/52 42/2/35
f 42/1/35 18/1/52 19/1/52 43/1/35
f 43/2/35 19/2/52 20/2/52 44/2/35
f 84/1/68 106/1/69 13/1/70 2/1/71
f 36/2/7 35/2/7 30/2/42 29/2/42
f 35/1/7 34/1/7 31/1/42 30/1/42
f 34/2/7 33/2/7 32/2/42 31/2/42
f 104/1/2 108/1/17 14/1/20 12/1/3
f 25/2/14 26/2/45 23/2/15 24/2/15
f 26/1/45 27/1/45 22/1/15 23/1/15
f 27/2/45 28/2/45 21/2/15 22/2/15
f 90/1/72 88/1/64 4/1/67 5/1/73
f 29/2/42 30/2/42 26/2/45 25/2/14
f 30/1/42 31/1/42 27/1/45 26/1/45
f 31/2/42 32/2/42 28/2/45 27/2/45
f 94/1/54 90/1/72 5/1/73 7/1/55
f 37/2/6 38/2/38 35/2/7 36/2/7
f 38/1/38 39/1/38 34/1/7 35/1/7
f 39/2/38 40/2/38 33/2/7 34/2/7
f 102/1/74 100/1/53 10/1/56 11/1/75
f 41/2/35 42/2/35 38/2/38 37/2/6
f 42/1/35 43/1/35 39/1/38 38/1/38
f 43/2/35 44/2/35 40/2/38 39/2/38
f 105/1/40 101/1/5 102/1/74 106/1/69
f 108/1/17 104/1/2 103/1/37 107/1/36
f 101/1/5 99/1/8 100/1/53 102/1/74
f 104/1/2 98/1/1 97/1/41 103/1/37
f 93/1/46 89/1/13 90/1/72 94/1/54
f 96/1/33 92/1/10 91/1/44 95/1/43
f 89/1/13 87/1/16 88/1/64 90/1/72
f 92/1/10 86/1/9 85/1/49 91/1/44
f 99/1/8 93/1/46 94/1/54 100/1/53
f 98/1/1 96/1/33 95/1/43 97/1/41
f 83/1/51 105/1/40 106/1/69 84/1/68
f 82/1/18 108/1/17 107/1/36 81/1/57
f 86/1/9 110/1/21 109/1/50 85/1/49
f 87/1/16 111/1/48 112/1/65 88/1/64
f 82/1/39 81/1/39 20/1/39 52/1/39 1/1/39
f 203/3/76 1152/3/77 1273/3/78 215/3/79
f 1180/3/80 1182/3/80 1183/3/80 1181/3/80 1176/3/80 1178/3/80 1179/3/80 1177/3/80 1172/3/80 1185/3/80
f 205/3/81 226/3/81 1429/3/82 1165/3/83
f 226/3/81 202/3/81 1149/3/84 1429/3/82
f 202/3/81 1156/3/85 1245/3/86 212/3/87
f 1454/3/76 204/3/76 113/3/76 1448/3/76
f 1274/3/88 1261/3/89 1265/3/90 1278/3/91
f 1169/3/92 1164/3/93 1430/3/94 1433/3/95
f 218/3/96 1216/3/97 1257/3/98 210/3/99
f 1161/3/100 203/3/76 215/3/79 1286/3/101
f 1434/3/102 1152/3/77 203/3/76 227/3/76
f 217/3/103 1220/3/104 1216/3/97 218/3/96
f 1453/3/81 205/3/81 1165/3/83 1444/3/105
f 1253/3/106 211/3/107 212/3/87 1245/3/86
f 1185/3/80 1172/3/80 1174/3/80 1175/3/80 1173/3/80 1184/3/80 1186/3/80 1187/3/80
f 1190/3/32 1189/3/108 128/3/32 126/3/32 125/3/32
f 1193/3/80 207/3/80 224/3/109 1294/3/110
f 207/3/80 115/3/80 192/3/109 224/3/109
f 1478/3/76 225/3/111 193/3/111 1500/3/76
f 217/3/103 218/3/96 1201/3/112
f 1278/3/91 1265/3/90 1258/3/113 1269/3/114
f 1270/3/115 213/3/116 214/3/117 1277/3/118
f 211/3/107 1266/3/119 1262/3/120 212/3/87
f 1250/3/121 210/3/99 211/3/107 1253/3/106
f 214/3/117 1290/3/122 1286/3/101 215/3/79
f 123/3/123 1293/3/124 1298/3/125 124/3/126
f 210/3/99 1257/3/98 1266/3/119 211/3/107
f 1228/3/127 1215/3/128 1219/3/129 1232/3/130
f 1232/3/130 1219/3/129 1212/3/131 1223/3/132
f 1224/3/133 219/3/134 220/3/135 1231/3/136
f 1269/3/114 1258/3/113 1215/3/128 1228/3/127
f 1238/3/137 1202/3/138 1249/3/139 1282/3/140
f 220/3/135 1239/3/141 221/3/142
f 221/3/142 1239/3/141 1281/3/143 213/3/116
f 216/3/144 1211/3/145 1220/3/104 217/3/103
f 1211/3/145 216/3/144 1172/3/146 1177/3/147
f 222/3/148 122/3/149 121/3/150 223/3/150
f 1294/3/110 224/3/109 225/3/111 1297/3/151
f 224/3/109 192/3/109 193/3/111 225/3/111
f 1477/3/81 223/3/150 121/3/150 1468/3/81
f 128/3/80 1194/3/80 1293/3/124 123/3/123
f 1483/3/152 1317/3/153 140/3/154 1472/3/32
f 1452/3/31 168/3/31 1349/3/155 1460/3/156
f 129/3/80 1305/3/80 1329/3/157 137/3/158
f 130/3/32 154/3/154 150/3/154 129/3/32
f 132/3/80 1301/3/80 1321/3/159 141/3/148
f 151/3/158 1342/3/160 1346/3/161 150/3/154
f 148/3/148 147/3/109 156/3/109 160/3/162
f 1437/3/163 1164/3/80 153/3/109 163/3/164 158/3/148
f 146/3/111 128/3/76 131/3/76 157/3/111
f 163/3/164 160/3/162 151/3/158 155/3/158
f 1306/3/80 131/3/80 144/3/109 1330/3/165
f 129/3/32 150/3/154 1346/3/161 1305/3/166
f 141/3/148 1321/3/159 1318/3/167 142/3/150
f 130/3/80 129/3/80 137/3/158 139/3/158
f 1472/3/32 140/3/154 138/3/154 1473/3/32
f 1471/3/76 135/3/76 1314/3/168 1487/3/169
f 157/3/111 131/3/76 1306/3/170 1345/3/171
f 131/3/80 128/3/80 123/3/123 144/3/109
f 1302/3/172 1333/3/173 154/3/154 130/3/32
f 1470/3/81 142/3/150 1318/3/167 1486/3/174
f 1473/3/32 138/3/154 1326/3/175 1490/3/176
f 1468/3/81 121/3/150 142/3/150 1470/3/81
f 127/3/80 132/3/80 141/3/148 122/3/149
f 132/3/81 159/3/150 1334/3/177 1301/3/178
f 1469/3/179 120/3/179 135/3/76 1471/3/76
f 122/3/149 141/3/148 142/3/150 121/3/150
f 124/3/126 143/3/111 144/3/109 123/3/123
f 143/3/111 1325/3/180 1330/3/165 144/3/109
f 139/3/158 137/3/158 138/3/154 140/3/154
f 137/3/158 1329/3/157 1326/3/175 138/3/154
f 1322/3/181 139/3/158 140/3/154 1317/3/153
f 1334/3/177 159/3/150 158/3/148 1338/3/182
f 157/3/111 1345/3/171 1341/3/183 156/3/109
f 160/3/162 156/3/109 1341/3/183
f 159/3/150 145/3/184 1437/3/163 158/3/148
f 155/3/158 151/3/158 150/3/154 154/3/154
f 163/3/164 155/3/158 1337/3/185
f 146/3/111 157/3/111 156/3/109 147/3/109
f 1337/3/185 155/3/158 154/3/154 1333/3/173
f 148/3/148 160/3/162 161/3/186 149/3/150
f 152/3/111 162/3/187 163/3/164 153/3/109
f 160/3/162 163/3/164 162/3/188 161/3/188
f 127/3/81 145/3/184 159/3/150 132/3/81
f 1140/3/189 1156/3/85 202/3/81 226/3/81
f 1153/3/190 1148/3/191 1261/3/89 1274/3/88
f 1374/3/192 1382/3/193 191/3/194
f 113/3/76 1410/3/195 1394/3/196 1353/3/197
f 1385/3/198 176/3/199 1406/3/200 1377/3/201
f 1401/3/202 184/3/203 182/3/204 1393/3/205
f 1350/3/206 1377/3/201 1406/3/200 114/3/81
f 1464/3/207 1354/3/208 165/3/31 1450/3/31
f 168/3/31 189/3/204 1378/3/209 1349/3/155
f 1354/3/208 1393/3/205 182/3/204 165/3/31
f 1448/3/76 113/3/76 1353/3/197 1467/3/210
f 1357/3/80 170/3/80 197/3/211 1418/3/212
f 164/3/80 167/3/80 185/3/213 181/3/213
f 1450/3/31 165/3/31 166/3/31 1451/3/31
f 165/3/31 182/3/204 186/3/204 166/3/31
f 167/3/80 169/3/80 1374/3/192 185/3/213
f 1451/3/31 166/3/31 168/3/31 1452/3/31
f 166/3/31 186/3/204 189/3/204 168/3/31
f 1476/3/31 201/3/214 1426/3/215 1495/3/216
f 1474/3/31 196/3/214 198/3/214 1475/3/31
f 1491/3/217 1413/3/218 196/3/214 1474/3/31
f 171/3/80 172/3/80 200/3/211 199/3/211
f 172/3/80 1362/3/80 1421/3/219 200/3/211
f 1500/3/76 193/3/111 1414/3/220 1494/3/221
f 1361/3/80 116/3/80 195/3/148 1422/3/222
f 1498/3/223 1425/3/224 194/3/150 1499/3/81
f 115/3/80 1358/3/80 1417/3/225 192/3/109
f 170/3/80 171/3/80 199/3/211 197/3/211
f 1475/3/31 198/3/214 201/3/214 1476/3/31
f 1389/3/226 181/3/213 183/3/194 1397/3/227
f 1397/3/227 183/3/194 184/3/203 1401/3/202
f 179/3/228 1398/3/229 1402/3/230 180/3/231
f 1373/3/232 1157/3/233 177/3/234 1381/3/235
f 1381/3/235 177/3/234 176/3/199 1385/3/198
f 191/3/194 1382/3/193 1386/3/236 190/3/203
f 169/3/80 1157/3/233 1373/3/232 1375/3/237 1376/3/238 1374/3/192
f 178/3/239 1390/3/240 1398/3/229 179/3/228
f 190/3/203 1386/3/236 1378/3/209 189/3/204
f 178/3/239 164/3/80 181/3/213 1389/3/226 1391/3/241 1392/3/242 1390/3/240
f 180/3/231 1402/3/230 1394/3/196 1410/3/195
f 181/3/213 185/3/213 187/3/194 183/3/194
f 183/3/194 187/3/194 188/3/203 184/3/203
f 184/3/203 188/3/203 186/3/204 182/3/204
f 185/3/213 1374/3/192 191/3/194 187/3/194
f 187/3/194 191/3/194 190/3/203 188/3/203
f 188/3/203 190/3/203 189/3/204 186/3/204
f 1463/3/243 1350/3/206 114/3/81 1449/3/81
f 199/3/211 200/3/211 201/3/214 198/3/214
f 197/3/211 199/3/211 198/3/214 196/3/214
f 200/3/211 1421/3/219 1426/3/215 201/3/214
f 1418/3/212 197/3/211 196/3/214 1413/3/218
f 1422/3/222 195/3/148 194/3/150 1425/3/224
f 1168/3/244 1434/3/102 227/3/76 204/3/76
f 192/3/109 1417/3/225 1414/3/220 193/3/111
f 1459/3/245 1164/3/93 1169/3/92
f 1456/3/246 1168/3/244 204/3/76 1454/3/76
f 1499/3/81 194/3/150 223/3/150 1477/3/81
f 1302/3/80 130/3/80 139/3/158 1322/3/181
f 195/3/148 222/3/148 223/3/150 194/3/150
f 1227/3/247 221/3/142 213/3/116 1270/3/115
f 1231/3/136 220/3/135 221/3/142 1227/3/247
f 1201/3/112 218/3/96 210/3/99 1250/3/121
f 1235/3/248 1205/3/249 1208/3/250 1242/3/251
f 213/3/116 1281/3/143 1290/3/122 214/3/117
f 1277/3/118 214/3/117 215/3/79 1273/3/78
f 1289/3/252 1254/3/253 1246/3/254 1285/3/255
f 1282/3/140 1249/3/139 1254/3/253 1289/3/252
f 1469/3/179 124/3/126 1298/3/125 1479/3/256
f 1482/3/257 1297/3/151 225/3/111 1478/3/76
f 116/3/80 206/3/80 222/3/148 195/3/148
f 219/3/134 1224/3/133 1180/3/258 1185/3/259
f 1242/3/251 1208/3/250 1202/3/138 1238/3/137
f 227/3/76 203/3/76 1161/3/100 1145/3/260
f 1433/3/95 1430/3/94 1148/3/191 1153/3/190
f 206/3/80 1188/3/80 122/3/149 222/3/148
f 1449/3/81 114/3/81 205/3/81 1453/3/81
f 1235/3/248 1184/3/261 1173/3/262 1205/3/249
f 1409/3/263 1160/3/264 1157/3/265 1405/3/266
f 1223/3/132 1212/3/131 1176/3/267 1181/3/268
f 1285/3/255 1246/3/254 1157/3/265 1160/3/264
f 161/3/188 162/3/188 230/3/31 229/3/31
f 162/3/187 152/3/111 1438/3/76 230/3/76
f 149/3/150 161/3/186 229/3/81 228/3/81
f 270/4/269 268/4/270 235/4/271 234/4/154
f 299/4/272 327/4/273 294/4/274 297/4/275
f 328/4/276 295/4/277 264/4/278 293/4/279
f 254/4/280 246/4/281 252/4/282 253/4/283
f 256/4/284 248/4/285 247/4/286 255/4/287
f 258/4/288 243/4/289 244/4/290 257/4/291
f 259/4/292 249/4/293 248/4/285 256/4/284
f 260/4/294 242/4/294 243/4/289 258/4/288
f 261/4/295 245/4/296 246/4/281 254/4/280
f 262/4/297 250/4/298 249/4/293 259/4/292
f 263/4/299 251/4/300 250/4/298 262/4/297
f 255/4/287 247/4/286 242/4/294 260/4/294
f 257/4/291 244/4/290 245/4/296 261/4/295
f 253/4/283 252/4/282 251/4/300 263/4/299
f 268/4/270 296/4/301 241/4/32 235/4/271
f 273/4/302 270/4/269 234/4/154 233/4/303
f 275/4/304 273/4/302 233/4/303 232/4/158
f 278/4/305 275/4/304 232/4/158 231/4/80
f 280/4/306 278/4/305 231/4/80 236/4/211
f 283/4/307 280/4/306 236/4/211 237/4/308
f 286/4/309 283/4/307 237/4/308 238/4/214
f 289/4/310 286/4/309 238/4/214 239/4/311
f 237/4/81 236/4/81 247/4/81 248/4/81
f 236/4/81 231/4/81 242/4/81 247/4/81
f 231/4/81 232/4/81 243/4/81 242/4/81
f 232/4/81 233/4/81 244/4/81 243/4/81
f 233/4/81 234/4/81 245/4/81 244/4/81
f 234/4/81 235/4/81 246/4/81 245/4/81
f 292/4/312 289/4/310 239/4/311 240/4/31
f 238/4/81 237/4/81 248/4/81 249/4/81
f 239/4/81 238/4/81 249/4/81 250/4/81
f 240/4/81 239/4/81 250/4/81 251/4/81
f 235/4/81 241/4/81 252/4/81 246/4/81
f 241/4/32 296/4/301 298/4/301 266/4/32
f 241/4/81 240/4/81 251/4/81 252/4/81
f 308/4/313 258/4/314 257/4/315 306/4/316
f 315/4/317 256/4/318 255/4/319 313/4/320
f 324/4/321 253/4/308 263/4/303 322/4/322
f 322/4/322 263/4/303 262/4/323 319/4/324
f 300/4/325 254/4/326 253/4/308 324/4/321
f 313/4/320 255/4/319 260/4/39 311/4/327
f 319/4/324 262/4/323 259/4/328 317/4/329
f 311/4/327 260/4/39 258/4/314 308/4/313
f 317/4/329 259/4/328 256/4/318 315/4/317
f 306/4/316 257/4/315 261/4/330 303/4/331
f 263/5/76 253/5/76 254/5/76 261/5/76 257/5/76 258/5/76 260/5/76 255/5/76 256/5/76 259/5/76 262/5/76
f 292/4/312 240/4/31 267/4/31 265/4/312
f 321/4/332 328/4/276 327/4/273 325/4/333
f 303/4/331 261/4/330 254/4/326 300/4/325
f 295/4/277 292/4/312 265/4/312 264/4/278
f 321/4/332 295/4/277 328/4/276
f 327/4/273 328/4/276 293/4/279 294/4/274
f 271/4/334 301/4/335 269/4/336 272/4/337
f 272/4/337 269/4/336 268/4/270 270/4/269
f 305/4/338 271/4/334 272/4/337 274/4/339
f 274/4/339 272/4/337 270/4/269 273/4/302
f 276/4/340 305/4/338 274/4/339 277/4/341
f 277/4/341 274/4/339 273/4/302 275/4/304
f 310/4/342 276/4/340 277/4/341 279/4/343
f 279/4/343 277/4/341 275/4/304 278/4/305
f 281/4/344 310/4/342 279/4/343 282/4/345
f 282/4/345 279/4/343 278/4/305 280/4/306
f 284/4/346 281/4/344 282/4/345 285/4/347
f 285/4/347 282/4/345 280/4/306 283/4/307
f 287/4/348 284/4/346 285/4/347 288/4/349
f 288/4/349 285/4/347 283/4/307 286/4/309
f 290/4/350 287/4/348 288/4/349 291/4/351
f 291/4/351 288/4/349 286/4/309 289/4/310
f 321/4/332 290/4/350 291/4/351 295/4/277
f 295/4/277 291/4/351 289/4/310 292/4/312
f 301/4/335 325/4/333 299/4/272 269/4/336
f 269/4/336 299/4/272 296/4/301 268/4/270
f 303/4/331 300/4/325 302/4/352 304/4/353
f 304/4/353 302/4/352 301/4/335 271/4/334
f 306/4/316 303/4/331 304/4/353 307/4/354
f 307/4/354 304/4/353 271/4/334 305/4/338
f 308/4/313 306/4/316 307/4/354 309/4/355
f 309/4/355 307/4/354 305/4/338 276/4/340
f 311/4/327 308/4/313 309/4/355 312/4/356
f 312/4/356 309/4/355 276/4/340 310/4/342
f 313/4/320 311/4/327 312/4/356 314/4/357
f 314/4/357 312/4/356 310/4/342 281/4/344
f 315/4/317 313/4/320 314/4/357 316/4/358
f 316/4/358 314/4/357 281/4/344 284/4/346
f 317/4/329 315/4/317 316/4/358 318/4/359
f 318/4/359 316/4/358 284/4/346 287/4/348
f 319/4/324 317/4/329 318/4/359 320/4/360
f 320/4/360 318/4/359 287/4/348 290/4/350
f 322/4/322 319/4/324 320/4/360 323/4/361
f 323/4/361 320/4/360 290/4/350 321/4/332
f 300/4/325 324/4/321 326/4/362 302/4/352
f 302/4/352 326/4/362 325/4/333 301/4/335
f 324/4/321 322/4/322 323/4/361 326/4/362
f 326/4/362 323/4/361 321/4/332 325/4/333
f 296/4/301 299/4/272 297/4/275 298/4/301
f 327/4/273 299/4/272 325/4/333
f 240/4/81 241/4/81 266/4/81 267/4/81
f 370/4/363 376/4/364 338/4/365 344/4/366
f 371/4/367 381/4/368 367/4/369 368/4/370
f 383/4/371 377/4/372 365/4/373 366/4/374
f 330/4/375 341/4/376 347/4/377 331/4/378
f 378/4/379 384/4/380 352/4/381 349/4/382
f 373/4/383 375/4/384 361/4/385 362/4/386
f 331/4/378 347/4/377 350/4/387 332/4/388
f 369/4/389 371/4/367 368/4/370 363/4/390
f 372/4/391 370/4/363 344/4/366 358/4/392
f 329/4/393 336/4/394 343/4/395 337/4/396
f 379/4/397 373/4/383 362/4/386 364/4/398
f 335/4/399 359/4/400 343/4/395 336/4/394
f 350/4/387 353/4/401 333/4/402 332/4/388
f 356/4/403 334/4/404 333/4/402 353/4/401
f 359/4/400 335/4/399 334/4/404 356/4/403
f 338/4/365 340/4/405 342/4/406 339/4/407
f 339/4/407 342/4/406 341/4/376 337/4/396
f 344/4/366 338/4/365 339/4/407 345/4/408
f 345/4/408 339/4/407 337/4/396 343/4/395
f 340/4/405 346/4/409 348/4/410 342/4/406
f 342/4/406 348/4/410 347/4/377 341/4/376
f 346/4/409 349/4/382 351/4/411 348/4/410
f 348/4/410 351/4/411 350/4/387 347/4/377
f 349/4/382 352/4/381 354/4/412 351/4/411
f 351/4/411 354/4/412 353/4/401 350/4/387
f 352/4/381 355/4/413 357/4/414 354/4/412
f 354/4/412 357/4/414 356/4/403 353/4/401
f 355/4/413 358/4/392 360/4/415 357/4/414
f 357/4/414 360/4/415 359/4/400 356/4/403
f 358/4/392 344/4/366 345/4/408 360/4/415
f 360/4/415 345/4/408 343/4/395 359/4/400
f 330/4/375 329/4/393 337/4/396 341/4/376
f 363/5/31 368/5/31 367/5/31 366/5/31 365/5/31 364/5/31 362/5/31 361/5/31
f 381/4/368 383/4/371 366/4/374 367/4/369
f 377/4/372 379/4/397 364/4/398 365/4/373
f 380/4/416 378/4/379 349/4/382 346/4/409
f 432/4/364 430/4/417 396/4/405 394/4/365
f 382/4/418 372/4/391 358/4/392 355/4/413
f 384/4/380 382/4/418 355/4/413 352/4/381
f 374/4/417 380/4/416 346/4/409 340/4/405
f 375/4/384 373/4/383 374/4/417 376/4/364
f 369/4/389 375/4/384 376/4/364 370/4/363
f 373/4/383 379/4/397 380/4/416 374/4/417
f 379/4/397 377/4/372 378/4/379 380/4/416
f 377/4/372 383/4/371 384/4/380 378/4/379
f 383/4/371 381/4/368 382/4/418 384/4/380
f 381/4/368 371/4/367 372/4/391 382/4/418
f 371/4/367 369/4/389 370/4/363 372/4/391
f 375/4/384 369/4/389 363/4/390 361/4/385
f 426/4/363 432/4/364 394/4/365 400/4/366
f 427/4/367 437/4/368 423/4/369 424/4/370
f 439/4/371 433/4/372 421/4/373 422/4/374
f 386/4/375 397/4/376 403/4/377 387/4/378
f 434/4/379 440/4/380 408/4/381 405/4/382
f 429/4/383 431/4/384 417/4/385 418/4/386
f 387/4/378 403/4/377 406/4/387 388/4/388
f 425/4/389 427/4/367 424/4/370 419/4/390
f 428/4/391 426/4/363 400/4/366 414/4/392
f 385/4/393 392/4/394 399/4/395 393/4/396
f 435/4/397 429/4/383 418/4/386 420/4/398
f 391/4/399 415/4/400 399/4/395 392/4/394
f 406/4/387 409/4/401 389/4/402 388/4/388
f 412/4/403 390/4/404 389/4/402 409/4/401
f 415/4/400 391/4/399 390/4/404 412/4/403
f 394/4/365 396/4/405 398/4/406 395/4/407
f 395/4/407 398/4/406 397/4/376 393/4/396
f 400/4/366 394/4/365 395/4/407 401/4/408
f 401/4/408 395/4/407 393/4/396 399/4/395
f 396/4/405 402/4/409 404/4/410 398/4/406
f 398/4/406 404/4/410 403/4/377 397/4/376
f 402/4/409 405/4/382 407/4/411 404/4/410
f 404/4/410 407/4/411 406/4/387 403/4/377
f 405/4/382 408/4/381 410/4/412 407/4/411
f 407/4/411 410/4/412 409/4/401 406/4/387
f 408/4/381 411/4/413 413/4/414 410/4/412
f 410/4/412 413/4/414 412/4/403 409/4/401
f 411/4/413 414/4/392 416/4/415 413/4/414
f 413/4/414 416/4/415 415/4/400 412/4/403
f 414/4/392 400/4/366 401/4/408 416/4/415
f 416/4/415 401/4/408 399/4/395 415/4/400
f 386/4/375 385/4/393 393/4/396 397/4/376
f 419/5/31 424/5/31 423/5/31 422/5/31 421/5/31 420/5/31 418/5/31 417/5/31
f 437/4/368 439/4/371 422/4/374 423/4/369
f 433/4/372 435/4/397 420/4/398 421/4/373
f 436/4/416 434/4/379 405/4/382 402/4/409
f 1008/4/419 1006/4/420 972/4/421 970/4/422
f 438/4/418 428/4/391 414/4/392 411/4/413
f 440/4/380 438/4/418 411/4/413 408/4/381
f 430/4/417 436/4/416 402/4/409 396/4/405
f 431/4/384 429/4/383 430/4/417 432/4/364
f 425/4/389 431/4/384 432/4/364 426/4/363
f 429/4/383 435/4/397 436/4/416 430/4/417
f 435/4/397 433/4/372 434/4/379 436/4/416
f 433/4/372 439/4/371 440/4/380 434/4/379
f 439/4/371 437/4/368 438/4/418 440/4/380
f 437/4/368 427/4/367 428/4/391 438/4/418
f 427/4/367 425/4/389 426/4/363 428/4/391
f 431/4/384 425/4/389 419/4/390 417/4/385
f 482/4/423 456/4/424 450/4/425 488/4/426
f 483/4/427 480/4/428 479/4/429 493/4/430
f 495/4/431 478/4/432 477/4/433 489/4/434
f 442/4/435 443/4/436 459/4/437 453/4/438
f 490/4/439 461/4/440 464/4/441 496/4/442
f 485/4/443 474/4/444 473/4/445 487/4/446
f 443/4/436 444/4/447 462/4/448 459/4/437
f 481/4/449 475/4/450 480/4/428 483/4/427
f 484/4/451 470/4/452 456/4/424 482/4/423
f 441/4/453 449/4/454 455/4/455 448/4/456
f 491/4/457 476/4/458 474/4/444 485/4/443
f 447/4/459 448/4/456 455/4/455 471/4/460
f 462/4/448 444/4/447 445/4/461 465/4/462
f 468/4/463 465/4/462 445/4/461 446/4/464
f 471/4/460 468/4/463 446/4/464 447/4/459
f 450/4/425 451/4/465 454/4/466 452/4/467
f 451/4/465 449/4/454 453/4/438 454/4/466
f 456/4/424 457/4/468 451/4/465 450/4/425
f 457/4/468 455/4/455 449/4/454 451/4/465
f 452/4/467 454/4/466 460/4/469 458/4/470
f 454/4/466 453/4/438 459/4/437 460/4/469
f 458/4/470 460/4/469 463/4/471 461/4/440
f 460/4/469 459/4/437 462/4/448 463/4/471
f 461/4/440 463/4/471 466/4/472 464/4/441
f 463/4/471 462/4/448 465/4/462 466/4/472
f 464/4/441 466/4/472 469/4/473 467/4/474
f 466/4/472 465/4/462 468/4/463 469/4/473
f 467/4/474 469/4/473 472/4/475 470/4/452
f 469/4/473 468/4/463 471/4/460 472/4/475
f 470/4/452 472/4/475 457/4/468 456/4/424
f 472/4/475 471/4/460 455/4/455 457/4/468
f 442/4/435 453/4/438 449/4/454 441/4/453
f 475/5/32 473/5/32 474/5/32 476/5/32 477/5/32 478/5/32 479/5/32 480/5/32
f 493/4/430 479/4/429 478/4/432 495/4/431
f 489/4/434 477/4/433 476/4/458 491/4/457
f 492/4/476 458/4/470 461/4/440 490/4/439
f 656/4/477 654/4/478 620/4/479 618/4/480
f 494/4/481 467/4/474 470/4/452 484/4/451
f 496/4/442 464/4/441 467/4/474 494/4/481
f 486/4/482 452/4/467 458/4/470 492/4/476
f 487/4/446 488/4/426 486/4/482 485/4/443
f 481/4/449 482/4/423 488/4/426 487/4/446
f 485/4/443 486/4/482 492/4/476 491/4/457
f 491/4/457 492/4/476 490/4/439 489/4/434
f 489/4/434 490/4/439 496/4/442 495/4/431
f 495/4/431 496/4/442 494/4/481 493/4/430
f 493/4/430 494/4/481 484/4/451 483/4/427
f 483/4/427 484/4/451 482/4/423 481/4/449
f 487/4/446 473/4/445 475/4/450 481/4/449
f 538/4/423 512/4/424 506/4/425 544/4/426
f 539/4/427 536/4/428 535/4/429 549/4/430
f 551/4/431 534/4/432 533/4/433 545/4/434
f 498/4/435 499/4/436 515/4/437 509/4/438
f 546/4/439 517/4/440 520/4/441 552/4/442
f 541/4/443 530/4/444 529/4/445 543/4/446
f 499/4/436 500/4/447 518/4/448 515/4/437
f 537/4/449 531/4/450 536/4/428 539/4/427
f 540/4/451 526/4/452 512/4/424 538/4/423
f 497/4/453 505/4/454 511/4/455 504/4/456
f 547/4/457 532/4/458 530/4/444 541/4/443
f 503/4/459 504/4/456 511/4/455 527/4/460
f 518/4/448 500/4/447 501/4/461 521/4/462
f 524/4/463 521/4/462 501/4/461 502/4/464
f 527/4/460 524/4/463 502/4/464 503/4/459
f 506/4/425 507/4/465 510/4/466 508/4/467
f 507/4/465 505/4/454 509/4/438 510/4/466
f 512/4/424 513/4/468 507/4/465 506/4/425
f 513/4/468 511/4/455 505/4/454 507/4/465
f 508/4/467 510/4/466 516/4/469 514/4/470
f 510/4/466 509/4/438 515/4/437 516/4/469
f 514/4/470 516/4/469 519/4/471 517/4/440
f 516/4/469 515/4/437 518/4/448 519/4/471
f 517/4/440 519/4/471 522/4/472 520/4/441
f 519/4/471 518/4/448 521/4/462 522/4/472
f 520/4/441 522/4/472 525/4/473 523/4/474
f 522/4/472 521/4/462 524/4/463 525/4/473
f 523/4/474 525/4/473 528/4/475 526/4/452
f 525/4/473 524/4/463 527/4/460 528/4/475
f 526/4/452 528/4/475 513/4/468 512/4/424
f 528/4/475 527/4/460 511/4/455 513/4/468
f 498/4/435 509/4/438 505/4/454 497/4/453
f 531/5/32 529/5/32 530/5/32 532/5/32 533/5/32 534/5/32 535/5/32 536/5/32
f 549/4/430 535/4/429 534/4/432 551/4/431
f 545/4/434 533/4/433 532/4/458 547/4/457
f 548/4/476 514/4/470 517/4/440 546/4/439
f 488/4/426 450/4/425 452/4/467 486/4/482
f 550/4/481 523/4/474 526/4/452 540/4/451
f 552/4/442 520/4/441 523/4/474 550/4/481
f 542/4/482 508/4/467 514/4/470 548/4/476
f 543/4/446 544/4/426 542/4/482 541/4/443
f 537/4/449 538/4/423 544/4/426 543/4/446
f 541/4/443 542/4/482 548/4/476 547/4/457
f 547/4/457 548/4/476 546/4/439 545/4/434
f 545/4/434 546/4/439 552/4/442 551/4/431
f 551/4/431 552/4/442 550/4/481 549/4/430
f 549/4/430 550/4/481 540/4/451 539/4/427
f 539/4/427 540/4/451 538/4/423 537/4/449
f 543/4/446 529/4/445 531/4/450 537/4/449
f 594/4/483 600/4/477 562/4/480 568/4/484
f 595/4/485 605/4/486 591/4/487 592/4/488
f 607/4/489 601/4/490 589/4/491 590/4/492
f 554/4/493 565/4/494 571/4/495 555/4/496
f 602/4/497 608/4/498 576/4/499 573/4/500
f 597/4/501 599/4/502 585/4/503 586/4/504
f 555/4/496 571/4/495 574/4/505 556/4/506
f 593/4/507 595/4/485 592/4/488 587/4/508
f 596/4/509 594/4/483 568/4/484 582/4/510
f 553/4/511 560/4/512 567/4/513 561/4/514
f 603/4/515 597/4/501 586/4/504 588/4/516
f 559/4/517 583/4/518 567/4/513 560/4/512
f 574/4/505 577/4/519 557/4/520 556/4/506
f 580/4/521 558/4/522 557/4/520 577/4/519
f 583/4/518 559/4/517 558/4/522 580/4/521
f 562/4/480 564/4/479 566/4/523 563/4/524
f 563/4/524 566/4/523 565/4/494 561/4/514
f 568/4/484 562/4/480 563/4/524 569/4/525
f 569/4/525 563/4/524 561/4/514 567/4/513
f 564/4/479 570/4/526 572/4/527 566/4/523
f 566/4/523 572/4/527 571/4/495 565/4/494
f 570/4/526 573/4/500 575/4/528 572/4/527
f 572/4/527 575/4/528 574/4/505 571/4/495
f 573/4/500 576/4/499 578/4/529 575/4/528
f 575/4/528 578/4/529 577/4/519 574/4/505
f 576/4/499 579/4/530 581/4/531 578/4/529
f 578/4/529 581/4/531 580/4/521 577/4/519
f 579/4/530 582/4/510 584/4/532 581/4/531
f 581/4/531 584/4/532 583/4/518 580/4/521
f 582/4/510 568/4/484 569/4/525 584/4/532
f 584/4/532 569/4/525 567/4/513 583/4/518
f 554/4/493 553/4/511 561/4/514 565/4/494
f 587/5/81 592/5/81 591/5/81 590/5/81 589/5/81 588/5/81 586/5/81 585/5/81
f 605/4/486 607/4/489 590/4/492 591/4/487
f 601/4/490 603/4/515 588/4/516 589/4/491
f 604/4/533 602/4/497 573/4/500 570/4/526
f 376/4/364 374/4/417 340/4/405 338/4/365
f 606/4/534 596/4/509 582/4/510 579/4/530
f 608/4/498 606/4/534 579/4/530 576/4/499
f 598/4/478 604/4/533 570/4/526 564/4/479
f 599/4/502 597/4/501 598/4/478 600/4/477
f 593/4/507 599/4/502 600/4/477 594/4/483
f 597/4/501 603/4/515 604/4/533 598/4/478
f 603/4/515 601/4/490 602/4/497 604/4/533
f 601/4/490 607/4/489 608/4/498 602/4/497
f 607/4/489 605/4/486 606/4/534 608/4/498
f 605/4/486 595/4/485 596/4/509 606/4/534
f 595/4/485 593/4/507 594/4/483 596/4/509
f 599/4/502 593/4/507 587/4/508 585/4/503
f 650/4/483 656/4/477 618/4/480 624/4/484
f 651/4/485 661/4/486 647/4/487 648/4/488
f 663/4/489 657/4/490 645/4/491 646/4/492
f 610/4/314 621/4/494 627/4/495 611/4/319
f 658/4/497 664/4/498 632/4/499 629/4/500
f 653/4/501 655/4/502 641/4/503 642/4/504
f 611/4/319 627/4/495 630/4/505 612/4/328
f 649/4/507 651/4/485 648/4/488 643/4/508
f 652/4/509 650/4/483 624/4/484 638/4/510
f 609/4/330 616/4/512 623/4/513 617/4/514
f 659/4/515 653/4/501 642/4/504 644/4/516
f 615/4/517 639/4/518 623/4/513 616/4/512
f 630/4/505 633/4/519 613/4/520 612/4/328
f 636/4/521 614/4/522 613/4/520 633/4/519
f 639/4/518 615/4/517 614/4/522 636/4/521
f 618/4/480 620/4/479 622/4/523 619/4/524
f 619/4/524 622/4/523 621/4/494 617/4/514
f 624/4/484 618/4/480 619/4/524 625/4/525
f 625/4/525 619/4/524 617/4/514 623/4/513
f 620/4/479 626/4/526 628/4/527 622/4/523
f 622/4/523 628/4/527 627/4/495 621/4/494
f 626/4/526 629/4/500 631/4/528 628/4/527
f 628/4/527 631/4/528 630/4/505 627/4/495
f 629/4/500 632/4/499 634/4/529 631/4/528
f 631/4/528 634/4/529 633/4/519 630/4/505
f 632/4/499 635/4/530 637/4/531 634/4/529
f 634/4/529 637/4/531 636/4/521 633/4/519
f 635/4/530 638/4/510 640/4/532 637/4/531
f 637/4/531 640/4/532 639/4/518 636/4/521
f 638/4/510 624/4/484 625/4/525 640/4/532
f 640/4/532 625/4/525 623/4/513 639/4/518
f 610/4/314 609/4/330 617/4/514 621/4/494
f 643/5/81 648/5/81 647/5/81 646/5/81 645/5/81 644/5/81 642/5/81 641/5/81
f 661/4/486 663/4/489 646/4/492 647/4/487
f 657/4/490 659/4/515 644/4/516 645/4/491
f 660/4/533 658/4/497 629/4/500 626/4/526
f 662/4/534 652/4/509 638/4/510 635/4/530
f 664/4/498 662/4/534 635/4/530 632/4/499
f 654/4/478 660/4/533 626/4/526 620/4/479
f 655/4/502 653/4/501 654/4/478 656/4/477
f 649/4/507 655/4/502 656/4/477 650/4/483
f 653/4/501 659/4/515 660/4/533 654/4/478
f 659/4/515 657/4/490 658/4/497 660/4/533
f 657/4/490 663/4/489 664/4/498 658/4/497
f 663/4/489 661/4/486 662/4/534 664/4/498
f 661/4/486 651/4/485 652/4/509 662/4/534
f 651/4/485 649/4/507 650/4/483 652/4/509
f 655/4/502 649/4/507 643/4/508 641/4/503
f 682/4/80 666/4/535 668/4/536 684/4/303
f 690/4/318 672/4/537 674/4/538 693/4/39
f 693/4/39 674/4/538 676/4/539 696/4/315
f 696/4/315 676/4/539 678/4/540 699/4/31
f 699/4/31 678/4/540 680/4/541 702/4/308
f 684/4/303 668/4/536 670/4/542 687/4/32
f 687/4/32 670/4/542 672/4/537 690/4/318
f 702/4/308 680/4/541 666/4/535 682/4/80
f 668/4/536 667/4/543 669/4/544 670/4/542
f 670/4/542 669/4/544 671/4/545 672/4/537
f 672/4/537 671/4/545 673/4/546 674/4/538
f 674/4/538 673/4/546 675/4/547 676/4/539
f 676/4/539 675/4/547 677/4/548 678/4/540
f 678/4/540 677/4/548 679/4/549 680/4/541
f 680/4/541 679/4/549 665/4/550 666/4/535
f 708/4/551 707/4/552 705/4/553 706/4/554
f 667/4/543 665/4/550 679/4/549 677/4/548 675/4/547 673/4/546 671/4/545 669/4/544
f 682/4/555 684/4/556 686/4/557 683/4/558
f 683/4/558 686/4/557 685/4/559 681/4/560
f 684/4/556 687/4/561 689/4/562 686/4/557
f 686/4/557 689/4/562 688/4/563 685/4/559
f 687/4/561 690/4/564 692/4/565 689/4/562
f 689/4/562 692/4/565 691/4/566 688/4/563
f 690/4/564 693/4/567 695/4/568 692/4/565
f 692/4/565 695/4/568 694/4/569 691/4/566
f 693/4/567 696/4/570 698/4/571 695/4/568
f 695/4/568 698/4/571 697/4/572 694/4/569
f 696/4/570 699/4/573 701/4/574 698/4/571
f 698/4/571 701/4/574 700/4/575 697/4/572
f 699/4/573 702/4/576 704/4/577 701/4/574
f 701/4/574 704/4/577 703/4/578 700/4/575
f 702/4/576 682/4/555 683/4/558 704/4/577
f 704/4/577 683/4/558 681/4/560 703/4/578
f 681/4/81 685/4/81 688/4/81 691/4/81 694/4/81 697/4/81 700/4/81 703/4/81
f 722/4/80 724/4/303 708/4/551 706/4/554
f 730/4/318 733/4/39 714/4/579 712/4/580
f 733/4/39 736/4/315 716/4/581 714/4/579
f 736/4/315 739/4/31 718/4/582 716/4/581
f 739/4/31 742/4/308 720/4/583 718/4/582
f 724/4/303 727/4/32 710/4/584 708/4/551
f 727/4/32 730/4/318 712/4/580 710/4/584
f 742/4/308 722/4/80 706/4/554 720/4/583
f 710/4/584 709/4/585 707/4/552 708/4/551
f 712/4/580 711/4/586 709/4/585 710/4/584
f 714/4/579 713/4/587 711/4/586 712/4/580
f 716/4/581 715/4/588 713/4/587 714/4/579
f 718/4/582 717/4/589 715/4/588 716/4/581
f 720/4/583 719/4/590 717/4/589 718/4/582
f 706/4/554 705/4/553 719/4/590 720/4/583
f 788/4/551 787/4/552 785/4/553 786/4/554
f 707/4/552 709/4/585 711/4/586 713/4/587 715/4/588 717/4/589 719/4/590 705/4/553
f 722/4/591 723/4/592 726/4/593 724/4/594
f 723/4/592 721/4/595 725/4/596 726/4/593
f 724/4/594 726/4/593 729/4/597 727/4/598
f 726/4/593 725/4/596 728/4/599 729/4/597
f 727/4/598 729/4/597 732/4/600 730/4/601
f 729/4/597 728/4/599 731/4/602 732/4/600
f 730/4/601 732/4/600 735/4/603 733/4/604
f 732/4/600 731/4/602 734/4/605 735/4/603
f 733/4/604 735/4/603 738/4/606 736/4/607
f 735/4/603 734/4/605 737/4/608 738/4/606
f 736/4/607 738/4/606 741/4/609 739/4/610
f 738/4/606 737/4/608 740/4/611 741/4/609
f 739/4/610 741/4/609 744/4/612 742/4/613
f 741/4/609 740/4/611 743/4/614 744/4/612
f 742/4/613 744/4/612 723/4/592 722/4/591
f 744/4/612 743/4/614 721/4/595 723/4/592
f 721/4/76 743/4/76 740/4/76 737/4/76 734/4/76 731/4/76 728/4/76 725/4/76
f 762/4/80 746/4/535 748/4/536 764/4/303
f 770/4/318 752/4/537 754/4/538 773/4/39
f 773/4/39 754/4/538 756/4/539 776/4/315
f 776/4/315 756/4/539 758/4/540 779/4/31
f 779/4/31 758/4/540 760/4/541 782/4/308
f 764/4/303 748/4/536 750/4/542 767/4/32
f 767/4/32 750/4/542 752/4/537 770/4/318
f 782/4/308 760/4/541 746/4/535 762/4/80
f 748/4/536 747/4/543 749/4/544 750/4/542
f 750/4/542 749/4/544 751/4/545 752/4/537
f 752/4/537 751/4/545 753/4/546 754/4/538
f 754/4/538 753/4/546 755/4/547 756/4/539
f 756/4/539 755/4/547 757/4/548 758/4/540
f 758/4/540 757/4/548 759/4/549 760/4/541
f 760/4/541 759/4/549 745/4/550 746/4/535
f 666/4/535 665/4/550 667/4/543 668/4/536
f 747/4/543 745/4/550 759/4/549 757/4/548 755/4/547 753/4/546 751/4/545 749/4/544
f 762/4/555 764/4/556 766/4/557 763/4/558
f 763/4/558 766/4/557 765/4/559 761/4/560
f 764/4/556 767/4/561 769/4/562 766/4/557
f 766/4/557 769/4/562 768/4/563 765/4/559
f 767/4/561 770/4/564 772/4/565 769/4/562
f 769/4/562 772/4/565 771/4/566 768/4/563
f 770/4/564 773/4/567 775/4/568 772/4/565
f 772/4/565 775/4/568 774/4/569 771/4/566
f 773/4/567 776/4/570 778/4/571 775/4/568
f 775/4/568 778/4/571 777/4/572 774/4/569
f 776/4/570 779/4/573 781/4/574 778/4/571
f 778/4/571 781/4/574 780/4/575 777/4/572
f 779/4/573 782/4/576 784/4/577 781/4/574
f 781/4/574 784/4/577 783/4/578 780/4/575
f 782/4/576 762/4/555 763/4/558 784/4/577
f 784/4/577 763/4/558 761/4/560 783/4/578
f 761/4/81 765/4/81 768/4/81 771/4/81 774/4/81 777/4/81 780/4/81 783/4/81
f 802/4/80 804/4/303 788/4/551 786/4/554
f 810/4/318 813/4/39 794/4/579 792/4/615
f 813/4/39 816/4/315 796/4/616 794/4/579
f 816/4/315 819/4/31 798/4/582 796/4/616
f 819/4/31 822/4/308 800/4/617 798/4/582
f 804/4/303 807/4/32 790/4/584 788/4/551
f 807/4/32 810/4/318 792/4/615 790/4/584
f 822/4/308 802/4/80 786/4/554 800/4/617
f 790/4/584 789/4/585 787/4/552 788/4/551
f 792/4/615 791/4/586 789/4/585 790/4/584
f 794/4/579 793/4/587 791/4/586 792/4/615
f 796/4/616 795/4/588 793/4/587 794/4/579
f 798/4/582 797/4/589 795/4/588 796/4/616
f 800/4/617 799/4/590 797/4/589 798/4/582
f 786/4/554 785/4/553 799/4/590 800/4/617
f 868/4/618 867/4/552 865/4/553 866/4/554
f 787/4/552 789/4/585 791/4/586 793/4/587 795/4/588 797/4/589 799/4/590 785/4/553
f 802/4/591 803/4/592 806/4/593 804/4/594
f 803/4/592 801/4/595 805/4/596 806/4/593
f 804/4/594 806/4/593 809/4/597 807/4/598
f 806/4/593 805/4/596 808/4/619 809/4/597
f 807/4/598 809/4/597 812/4/600 810/4/601
f 809/4/597 808/4/619 811/4/602 812/4/600
f 810/4/601 812/4/600 815/4/603 813/4/604
f 812/4/600 811/4/602 814/4/605 815/4/603
f 813/4/604 815/4/603 818/4/606 816/4/607
f 815/4/603 814/4/605 817/4/608 818/4/606
f 816/4/607 818/4/606 821/4/609 819/4/610
f 818/4/606 817/4/608 820/4/611 821/4/609
f 819/4/610 821/4/609 824/4/612 822/4/613
f 821/4/609 820/4/611 823/4/614 824/4/612
f 822/4/613 824/4/612 803/4/592 802/4/591
f 824/4/612 823/4/614 801/4/595 803/4/592
f 801/4/76 823/4/76 820/4/76 817/4/76 814/4/76 811/4/76 808/4/76 805/4/76
f 842/4/80 826/4/535 828/4/536 844/4/303
f 850/4/318 832/4/537 834/4/538 853/4/39
f 853/4/39 834/4/538 836/4/539 856/4/315
f 856/4/315 836/4/539 838/4/540 859/4/31
f 859/4/31 838/4/540 840/4/541 862/4/308
f 844/4/303 828/4/536 830/4/542 847/4/32
f 847/4/32 830/4/542 832/4/537 850/4/318
f 862/4/308 840/4/541 826/4/535 842/4/80
f 828/4/536 827/4/543 829/4/544 830/4/542
f 830/4/542 829/4/544 831/4/545 832/4/537
f 832/4/537 831/4/545 833/4/546 834/4/538
f 834/4/538 833/4/546 835/4/547 836/4/539
f 836/4/539 835/4/547 837/4/548 838/4/540
f 838/4/540 837/4/548 839/4/549 840/4/541
f 840/4/541 839/4/549 825/4/550 826/4/535
f 746/4/535 745/4/550 747/4/543 748/4/536
f 827/4/543 825/4/550 839/4/549 837/4/548 835/4/547 833/4/546 831/4/545 829/4/544
f 842/4/555 844/4/556 846/4/557 843/4/558
f 843/4/558 846/4/557 845/4/559 841/4/560
f 844/4/556 847/4/561 849/4/562 846/4/557
f 846/4/557 849/4/562 848/4/563 845/4/559
f 847/4/561 850/4/564 852/4/565 849/4/562
f 849/4/562 852/4/565 851/4/566 848/4/563
f 850/4/564 853/4/567 855/4/568 852/4/565
f 852/4/565 855/4/568 854/4/569 851/4/566
f 853/4/567 856/4/570 858/4/571 855/4/568
f 855/4/568 858/4/571 857/4/572 854/4/569
f 856/4/570 859/4/573 861/4/574 858/4/571
f 858/4/571 861/4/574 860/4/575 857/4/572
f 859/4/573 862/4/576 864/4/577 861/4/574
f 861/4/574 864/4/577 863/4/578 860/4/575
f 862/4/576 842/4/555 843/4/558 864/4/577
f 864/4/577 843/4/558 841/4/560 863/4/578
f 841/4/81 845/4/81 848/4/81 851/4/81 854/4/81 857/4/81 860/4/81 863/4/81
f 882/4/80 884/4/303 868/4/618 866/4/554
f 890/4/318 893/4/39 874/4/579 872/4/620
f 893/4/39 896/4/315 876/4/581 874/4/579
f 896/4/315 899/4/31 878/4/582 876/4/581
f 899/4/31 902/4/308 880/4/583 878/4/582
f 884/4/303 887/4/32 870/4/584 868/4/618
f 887/4/32 890/4/318 872/4/620 870/4/584
f 902/4/308 882/4/80 866/4/554 880/4/583
f 870/4/584 869/4/585 867/4/552 868/4/618
f 872/4/620 871/4/586 869/4/585 870/4/584
f 874/4/579 873/4/587 871/4/586 872/4/620
f 876/4/581 875/4/588 873/4/587 874/4/579
f 878/4/582 877/4/589 875/4/588 876/4/581
f 880/4/583 879/4/590 877/4/589 878/4/582
f 866/4/554 865/4/553 879/4/590 880/4/583
f 867/4/552 869/4/585 871/4/586 873/4/587 875/4/588 877/4/589 879/4/590 865/4/553
f 882/4/591 883/4/592 886/4/593 884/4/594
f 883/4/592 881/4/595 885/4/596 886/4/593
f 884/4/594 886/4/593 889/4/597 887/4/598
f 886/4/593 885/4/596 888/4/599 889/4/597
f 887/4/598 889/4/597 892/4/600 890/4/601
f 889/4/597 888/4/599 891/4/602 892/4/600
f 890/4/601 892/4/600 895/4/603 893/4/604
f 892/4/600 891/4/602 894/4/605 895/4/603
f 893/4/604 895/4/603 898/4/606 896/4/607
f 895/4/603 894/4/605 897/4/608 898/4/606
f 896/4/607 898/4/606 901/4/609 899/4/610
f 898/4/606 897/4/608 900/4/611 901/4/609
f 899/4/610 901/4/609 904/4/612 902/4/613
f 901/4/609 900/4/611 903/4/614 904/4/612
f 902/4/613 904/4/612 883/4/592 882/4/591
f 904/4/612 903/4/614 881/4/595 883/4/592
f 881/4/76 903/4/76 900/4/76 897/4/76 894/4/76 891/4/76 888/4/76 885/4/76
f 946/4/621 952/4/419 914/4/422 920/4/622
f 947/4/623 957/4/624 943/4/625 944/4/626
f 959/4/627 953/4/628 941/4/629 942/4/630
f 906/4/631 917/4/632 923/4/633 907/4/634
f 954/4/635 960/4/636 928/4/637 925/4/638
f 949/4/639 951/4/640 937/4/641 938/4/642
f 907/4/634 923/4/633 926/4/643 908/4/644
f 945/4/645 947/4/623 944/4/626 939/4/646
f 948/4/647 946/4/621 920/4/622 934/4/648
f 905/4/649 912/4/650 919/4/651 913/4/652
f 955/4/653 949/4/639 938/4/642 940/4/654
f 911/4/655 935/4/656 919/4/651 912/4/650
f 926/4/643 929/4/657 909/4/658 908/4/644
f 932/4/659 910/4/660 909/4/658 929/4/657
f 935/4/656 911/4/655 910/4/660 932/4/659
f 914/4/422 916/4/421 918/4/661 915/4/662
f 915/4/662 918/4/661 917/4/632 913/4/652
f 920/4/622 914/4/422 915/4/662 921/4/663
f 921/4/663 915/4/662 913/4/652 919/4/651
f 916/4/421 922/4/664 924/4/665 918/4/661
f 918/4/661 924/4/665 923/4/633 917/4/632
f 922/4/664 925/4/638 927/4/666 924/4/665
f 924/4/665 927/4/666 926/4/643 923/4/633
f 925/4/638 928/4/637 930/4/667 927/4/666
f 927/4/666 930/4/667 929/4/657 926/4/643
f 928/4/637 931/4/668 933/4/669 930/4/667
f 930/4/667 933/4/669 932/4/659 929/4/657
f 931/4/668 934/4/648 936/4/670 933/4/669
f 933/4/669 936/4/670 935/4/656 932/4/659
f 934/4/648 920/4/622 921/4/663 936/4/670
f 936/4/670 921/4/663 919/4/651 935/4/656
f 906/4/631 905/4/649 913/4/652 917/4/632
f 939/5/76 944/5/76 943/5/76 942/5/76 941/5/76 940/5/76 938/5/76 937/5/76
f 957/4/624 959/4/627 942/4/630 943/4/625
f 953/4/628 955/4/653 940/4/654 941/4/629
f 956/4/671 954/4/635 925/4/638 922/4/664
f 544/4/426 506/4/425 508/4/467 542/4/482
f 958/4/672 948/4/647 934/4/648 931/4/668
f 960/4/636 958/4/672 931/4/668 928/4/637
f 950/4/420 956/4/671 922/4/664 916/4/421
f 951/4/640 949/4/639 950/4/420 952/4/419
f 945/4/645 951/4/640 952/4/419 946/4/621
f 949/4/639 955/4/653 956/4/671 950/4/420
f 955/4/653 953/4/628 954/4/635 956/4/671
f 953/4/628 959/4/627 960/4/636 954/4/635
f 959/4/627 957/4/624 958/4/672 960/4/636
f 957/4/624 947/4/623 948/4/647 958/4/672
f 947/4/623 945/4/645 946/4/621 948/4/647
f 951/4/640 945/4/645 939/4/646 937/4/641
f 1002/4/621 1008/4/419 970/4/422 976/4/622
f 1003/4/623 1013/4/624 999/4/625 1000/4/626
f 1015/4/627 1009/4/628 997/4/673 998/4/630
f 962/4/631 973/4/632 979/4/633 963/4/634
f 1010/4/635 1016/4/636 984/4/637 981/4/638
f 1005/4/639 1007/4/640 993/4/641 994/4/642
f 963/4/634 979/4/633 982/4/643 964/4/644
f 1001/4/645 1003/4/623 1000/4/626 995/4/646
f 1004/4/647 1002/4/621 976/4/622 990/4/648
f 961/4/649 968/4/650 975/4/651 969/4/652
f 1011/4/653 1005/4/639 994/4/642 996/4/654
f 967/4/655 991/4/656 975/4/651 968/4/650
f 982/4/643 985/4/657 965/4/658 964/4/644
f 988/4/659 966/4/660 965/4/658 985/4/657
f 991/4/656 967/4/655 966/4/660 988/4/659
f 970/4/422 972/4/421 974/4/661 971/4/662
f 971/4/662 974/4/661 973/4/632 969/4/652
f 976/4/622 970/4/422 971/4/662 977/4/663
f 977/4/663 971/4/662 969/4/652 975/4/651
f 972/4/421 978/4/664 980/4/665 974/4/661
f 974/4/661 980/4/665 979/4/633 973/4/632
f 978/4/664 981/4/638 983/4/666 980/4/665
f 980/4/665 983/4/666 982/4/643 979/4/633
f 981/4/638 984/4/637 986/4/667 983/4/666
f 983/4/666 986/4/667 985/4/657 982/4/643
f 984/4/637 987/4/668 989/4/669 986/4/667
f 986/4/667 989/4/669 988/4/659 985/4/657
f 987/4/668 990/4/648 992/4/670 989/4/669
f 989/4/669 992/4/670 991/4/656 988/4/659
f 990/4/648 976/4/622 977/4/663 992/4/670
f 992/4/670 977/4/663 975/4/651 991/4/656
f 962/4/631 961/4/649 969/4/652 973/4/632
f 995/5/76 1000/5/76 999/5/76 998/5/76 997/5/76 996/5/76 994/5/76 993/5/76
f 1013/4/624 1015/4/627 998/4/630 999/4/625
f 1009/4/628 1011/4/653 996/4/654 997/4/673
f 1012/4/671 1010/4/635 981/4/638 978/4/664
f 952/4/419 950/4/420 916/4/421 914/4/422
f 1014/4/672 1004/4/647 990/4/648 987/4/668
f 1016/4/636 1014/4/672 987/4/668 984/4/637
f 1006/4/420 1012/4/671 978/4/664 972/4/421
f 1007/4/640 1005/4/639 1006/4/420 1008/4/419
f 1001/4/645 1007/4/640 1008/4/419 1002/4/621
f 1005/4/639 1011/4/653 1012/4/671 1006/4/420
f 1011/4/653 1009/4/628 1010/4/635 1012/4/671
f 1009/4/628 1015/4/627 1016/4/636 1010/4/635
f 1015/4/627 1013/4/624 1014/4/672 1016/4/636
f 1013/4/624 1003/4/623 1004/4/647 1014/4/672
f 1003/4/623 1001/4/645 1002/4/621 1004/4/647
f 1007/4/640 1001/4/645 995/4/646 993/4/641
f 1034/4/80 1018/4/674 1020/4/675 1036/4/676
f 1042/4/677 1024/4/678 1026/4/679 1045/4/39
f 1045/4/39 1026/4/679 1028/4/680 1048/4/681
f 1048/4/681 1028/4/680 1030/4/682 1051/4/81
f 1051/4/81 1030/4/682 1032/4/683 1054/4/684
f 1036/4/676 1020/4/675 1022/4/685 1039/4/76
f 1039/4/76 1022/4/685 1024/4/678 1042/4/677
f 1054/4/684 1032/4/683 1018/4/674 1034/4/80
f 1020/4/675 1019/4/686 1021/4/687 1022/4/685
f 1022/4/685 1021/4/687 1023/4/688 1024/4/678
f 1024/4/678 1023/4/688 1025/4/689 1026/4/679
f 1026/4/679 1025/4/689 1027/4/690 1028/4/680
f 1028/4/680 1027/4/690 1029/4/691 1030/4/682
f 1030/4/682 1029/4/691 1031/4/692 1032/4/683
f 1032/4/683 1031/4/692 1017/4/693 1018/4/674
f 1058/4/674 1057/4/693 1059/4/686 1060/4/675
f 1019/4/686 1017/4/693 1031/4/692 1029/4/691 1027/4/690 1025/4/689 1023/4/688 1021/4/687
f 1034/4/694 1036/4/695 1038/4/696 1035/4/697
f 1035/4/697 1038/4/696 1037/4/698 1033/4/699
f 1036/4/695 1039/4/700 1041/4/701 1038/4/696
f 1038/4/696 1041/4/701 1040/4/702 1037/4/698
f 1039/4/700 1042/4/703 1044/4/704 1041/4/701
f 1041/4/701 1044/4/704 1043/4/705 1040/4/702
f 1042/4/703 1045/4/706 1047/4/707 1044/4/704
f 1044/4/704 1047/4/707 1046/4/708 1043/4/705
f 1045/4/706 1048/4/709 1050/4/710 1047/4/707
f 1047/4/707 1050/4/710 1049/4/711 1046/4/708
f 1048/4/709 1051/4/712 1053/4/713 1050/4/710
f 1050/4/710 1053/4/713 1052/4/714 1049/4/711
f 1051/4/712 1054/4/715 1056/4/716 1053/4/713
f 1053/4/713 1056/4/716 1055/4/717 1052/4/714
f 1054/4/715 1034/4/694 1035/4/697 1056/4/716
f 1056/4/716 1035/4/697 1033/4/699 1055/4/717
f 1033/4/32 1037/4/32 1040/4/32 1043/4/32 1046/4/32 1049/4/32 1052/4/32 1055/4/32
f 1074/4/80 1058/4/674 1060/4/675 1076/4/676
f 1082/4/677 1064/4/718 1066/4/679 1085/4/39
f 1085/4/39 1066/4/679 1068/4/680 1088/4/681
f 1088/4/681 1068/4/680 1070/4/682 1091/4/81
f 1091/4/81 1070/4/682 1072/4/683 1094/4/684
f 1076/4/676 1060/4/675 1062/4/685 1079/4/76
f 1079/4/76 1062/4/685 1064/4/718 1082/4/677
f 1094/4/684 1072/4/683 1058/4/674 1074/4/80
f 1060/4/675 1059/4/686 1061/4/687 1062/4/685
f 1062/4/685 1061/4/687 1063/4/688 1064/4/718
f 1064/4/718 1063/4/688 1065/4/689 1066/4/679
f 1066/4/679 1065/4/689 1067/4/690 1068/4/680
f 1068/4/680 1067/4/690 1069/4/691 1070/4/682
f 1070/4/682 1069/4/691 1071/4/692 1072/4/683
f 1072/4/683 1071/4/692 1057/4/693 1058/4/674
f 1098/4/674 1097/4/693 1099/4/686 1100/4/675
f 1059/4/686 1057/4/693 1071/4/692 1069/4/691 1067/4/690 1065/4/689 1063/4/688 1061/4/687
f 1074/4/694 1076/4/695 1078/4/696 1075/4/697
f 1075/4/697 1078/4/696 1077/4/719 1073/4/720
f 1076/4/695 1079/4/700 1081/4/701 1078/4/696
f 1078/4/696 1081/4/701 1080/4/702 1077/4/719
f 1079/4/700 1082/4/703 1084/4/704 1081/4/701
f 1081/4/701 1084/4/704 1083/4/721 1080/4/702
f 1082/4/703 1085/4/706 1087/4/707 1084/4/704
f 1084/4/704 1087/4/707 1086/4/722 1083/4/721
f 1085/4/706 1088/4/709 1090/4/710 1087/4/707
f 1087/4/707 1090/4/710 1089/4/711 1086/4/722
f 1088/4/709 1091/4/712 1093/4/713 1090/4/710
f 1090/4/710 1093/4/713 1092/4/714 1089/4/711
f 1091/4/712 1094/4/715 1096/4/716 1093/4/713
f 1093/4/713 1096/4/716 1095/4/717 1092/4/714
f 1094/4/715 1074/4/694 1075/4/697 1096/4/716
f 1096/4/716 1075/4/697 1073/4/720 1095/4/717
f 1073/4/32 1077/4/32 1080/4/32 1083/4/32 1086/4/32 1089/4/32 1092/4/32 1095/4/32
f 1114/4/80 1098/4/674 1100/4/675 1116/4/676
f 1122/4/677 1104/4/718 1106/4/679 1125/4/39
f 1125/4/39 1106/4/679 1108/4/680 1128/4/681
f 1128/4/681 1108/4/680 1110/4/682 1131/4/81
f 1131/4/81 1110/4/682 1112/4/683 1134/4/684
f 1116/4/676 1100/4/675 1102/4/685 1119/4/76
f 1119/4/76 1102/4/685 1104/4/718 1122/4/677
f 1134/4/684 1112/4/683 1098/4/674 1114/4/80
f 1100/4/675 1099/4/686 1101/4/687 1102/4/685
f 1102/4/685 1101/4/687 1103/4/688 1104/4/718
f 1104/4/718 1103/4/688 1105/4/689 1106/4/679
f 1106/4/679 1105/4/689 1107/4/690 1108/4/680
f 1108/4/680 1107/4/690 1109/4/691 1110/4/682
f 1110/4/682 1109/4/691 1111/4/692 1112/4/683
f 1112/4/683 1111/4/692 1097/4/693 1098/4/674
f 106/1/69 102/1/74 11/1/75 13/1/70
f 1099/4/686 1097/4/693 1111/4/692 1109/4/691 1107/4/690 1105/4/689 1103/4/688 1101/4/687
f 1114/4/694 1116/4/695 1118/4/696 1115/4/697
f 1115/4/697 1118/4/696 1117/4/719 1113/4/720
f 1116/4/695 1119/4/700 1121/4/701 1118/4/696
f 1118/4/696 1121/4/701 1120/4/723 1117/4/719
f 1119/4/700 1122/4/703 1124/4/704 1121/4/701
f 1121/4/701 1124/4/704 1123/4/721 1120/4/723
f 1122/4/703 1125/4/706 1127/4/707 1124/4/704
f 1124/4/704 1127/4/707 1126/4/722 1123/4/721
f 1125/4/706 1128/4/709 1130/4/710 1127/4/707
f 1127/4/707 1130/4/710 1129/4/711 1126/4/722
f 1128/4/709 1131/4/712 1133/4/713 1130/4/710
f 1130/4/710 1133/4/713 1132/4/714 1129/4/711
f 1131/4/712 1134/4/715 1136/4/716 1133/4/713
f 1133/4/713 1136/4/716 1135/4/717 1132/4/714
f 1134/4/715 1114/4/694 1115/4/697 1136/4/716
f 1136/4/716 1115/4/697 1113/4/720 1135/4/717
f 1113/4/32 1117/4/32 1120/4/32 1123/4/32 1126/4/32 1129/4/32 1132/4/32 1135/4/32
f 164/3/80 178/3/239 1144/3/239 1137/3/80
f 176/3/199 177/3/234 1143/3/724 1142/3/725
f 178/3/239 179/3/228 1146/3/228 1144/3/239
f 204/3/76 227/3/76 1145/3/260 1410/3/195 113/3/76
f 179/3/228 180/3/231 1147/3/726 1146/3/228
f 177/3/234 1157/3/233 1141/3/727 1143/3/724
f 114/3/81 1406/3/200 1140/3/189 226/3/81 205/3/81
f 1157/3/233 169/3/80 1139/3/80 1141/3/727
f 169/3/80 167/3/80 1138/3/80 1139/3/80
f 167/3/80 164/3/80 1137/3/80 1138/3/80
f 1188/6/80 127/6/80 122/6/149
f 1430/3/94 1164/3/93 1166/3/728 1432/3/729
f 1432/3/729 1166/3/728 1167/3/730 1431/3/731
f 1431/3/731 1167/3/730 1165/3/83 1429/3/82
f 1434/3/102 1168/3/244 1170/3/732 1436/3/733
f 1436/3/733 1170/3/732 1171/3/734 1435/3/735
f 1435/3/735 1171/3/734 1169/3/92 1433/3/95
f 1164/3/93 1189/3/108 1192/3/736 1166/3/737
f 1166/3/737 1192/3/736 1191/3/738 1455/3/739
f 1455/3/739 1191/3/738 1188/3/740 1444/3/741
f 1456/3/246 1193/3/742 1195/3/743 1457/3/744
f 1457/3/744 1195/3/743 1196/3/745 1458/3/746
f 1458/3/746 1196/3/745 1194/3/747 1459/3/245
f 1254/3/253 1249/3/139 1251/3/748 1256/3/749
f 1256/3/749 1251/3/748 1252/3/750 1255/3/751
f 1255/3/751 1252/3/750 1250/3/121 1253/3/106
f 1258/3/113 1265/3/90 1267/3/752 1260/3/753
f 1260/3/753 1267/3/752 1268/3/754 1259/3/755
f 1259/3/755 1268/3/754 1266/3/119 1257/3/98
f 1246/3/254 1254/3/253 1256/3/749 1248/3/756
f 1248/3/756 1256/3/749 1255/3/751 1247/3/757
f 1247/3/757 1255/3/751 1253/3/106 1245/3/86
f 1265/3/90 1261/3/89 1263/3/758 1267/3/752
f 1267/3/752 1263/3/758 1264/3/759 1268/3/754
f 1268/3/754 1264/3/759 1262/3/120 1266/3/119
f 1270/3/115 1277/3/118 1279/3/760 1272/3/761
f 1272/3/761 1279/3/760 1280/3/762 1271/3/763
f 1271/3/763 1280/3/762 1278/3/91 1269/3/114
f 1277/3/118 1273/3/78 1275/3/764 1279/3/760
f 1279/3/760 1275/3/764 1276/3/765 1280/3/762
f 1280/3/762 1276/3/765 1274/3/88 1278/3/91
f 1282/3/140 1289/3/252 1291/3/766 1284/3/767
f 1284/3/767 1291/3/766 1292/3/768 1283/3/769
f 1283/3/769 1292/3/768 1290/3/122 1281/3/143
f 1289/3/252 1285/3/255 1287/3/770 1291/3/766
f 1291/3/766 1287/3/770 1288/3/771 1292/3/768
f 1292/3/768 1288/3/771 1286/3/101 1290/3/122
f 1208/3/250 1205/3/249 1206/3/772 1210/3/773
f 1210/3/773 1206/3/772 1207/3/774 1209/3/775
f 1209/3/775 1207/3/774 216/3/144 217/3/103
f 1212/3/131 1219/3/129 1221/3/776 1214/3/777
f 1214/3/777 1221/3/776 1222/3/778 1213/3/779
f 1213/3/779 1222/3/778 1220/3/104 1211/3/145
f 1202/3/138 1208/3/250 1210/3/773 1204/3/780
f 1204/3/780 1210/3/773 1209/3/775 1203/3/781
f 1203/3/781 1209/3/775 217/3/103 1201/3/112
f 1219/3/129 1215/3/128 1217/3/782 1221/3/776
f 1221/3/776 1217/3/782 1218/3/783 1222/3/778
f 1222/3/778 1218/3/783 1216/3/97 1220/3/104
f 1224/3/133 1231/3/136 1233/3/784 1226/3/785
f 1226/3/785 1233/3/784 1234/3/786 1225/3/787
f 1225/3/787 1234/3/786 1232/3/130 1223/3/132
f 1231/3/136 1227/3/247 1229/3/788 1233/3/784
f 1233/3/784 1229/3/788 1230/3/789 1234/3/786
f 1234/3/786 1230/3/789 1228/3/127 1232/3/130
f 1235/3/248 1242/3/251 1243/3/790 1237/3/791
f 1237/3/791 1243/3/790 1244/3/792 1236/3/793
f 1236/3/793 1244/3/792 220/3/135 219/3/134
f 1242/3/251 1238/3/137 1240/3/794 1243/3/790
f 1243/3/790 1240/3/794 1241/3/795 1244/3/792
f 1244/3/792 1241/3/795 1239/3/141 220/3/135
f 1172/3/146 216/3/144 1207/3/774 1174/3/796
f 1174/3/796 1207/3/774 1206/3/772 1175/3/797
f 1175/3/797 1206/3/772 1205/3/249 1173/3/262
f 1176/3/267 1212/3/131 1214/3/777 1178/3/798
f 1178/3/798 1214/3/777 1213/3/779 1179/3/799
f 1179/3/799 1213/3/779 1211/3/145 1177/3/147
f 1249/3/139 1202/3/138 1204/3/780 1251/3/748
f 1251/3/748 1204/3/780 1203/3/781 1252/3/750
f 1252/3/750 1203/3/781 1201/3/112 1250/3/121
f 1215/3/128 1258/3/113 1260/3/753 1217/3/782
f 1217/3/782 1260/3/753 1259/3/755 1218/3/783
f 1218/3/783 1259/3/755 1257/3/98 1216/3/97
f 1180/3/258 1224/3/133 1226/3/785 1182/3/800
f 1182/3/800 1226/3/785 1225/3/787 1183/3/801
f 1183/3/801 1225/3/787 1223/3/132 1181/3/268
f 1269/3/114 1228/3/127 1230/3/789 1271/3/763
f 1271/3/763 1230/3/789 1229/3/788 1272/3/761
f 1272/3/761 1229/3/788 1227/3/247 1270/3/115
f 1238/3/137 1282/3/140 1284/3/767 1240/3/794
f 1240/3/794 1284/3/767 1283/3/769 1241/3/795
f 1241/3/795 1283/3/769 1281/3/143 1239/3/141
f 1184/3/261 1235/3/248 1237/3/791 1186/3/802
f 1186/3/802 1237/3/791 1236/3/793 1187/3/803
f 1187/3/803 1236/3/793 219/3/134 1185/3/259
f 1261/3/89 1148/3/191 1150/3/804 1263/3/758
f 1263/3/758 1150/3/804 1151/3/805 1264/3/759
f 1264/3/759 1151/3/805 1149/3/84 1262/3/120
f 1157/3/265 1246/3/254 1248/3/756 1159/3/806
f 1159/3/806 1248/3/756 1247/3/757 1158/3/807
f 1158/3/807 1247/3/757 1245/3/86 1156/3/85
f 1273/3/78 1152/3/77 1154/3/808 1275/3/764
f 1275/3/764 1154/3/808 1155/3/809 1276/3/765
f 1276/3/765 1155/3/809 1153/3/190 1274/3/88
f 1285/3/255 1160/3/264 1162/3/810 1287/3/770
f 1287/3/770 1162/3/810 1163/3/811 1288/3/771
f 1288/3/771 1163/3/811 1161/3/100 1286/3/101
f 1294/3/110 1297/3/151 1299/3/812 1296/3/813
f 1296/3/813 1299/3/812 1300/3/814 1295/3/815
f 1295/3/815 1300/3/814 1298/3/125 1293/3/124
f 1479/3/256 1298/3/125 1300/3/814 1480/3/816
f 1480/3/816 1300/3/814 1299/3/812 1481/3/817
f 1481/3/817 1299/3/812 1297/3/151 1482/3/257
f 1293/3/124 1194/3/80 1196/3/80 1295/3/815
f 1295/3/815 1196/3/80 1195/3/80 1296/3/813
f 1296/3/813 1195/3/80 1193/3/80 1294/3/110
f 1318/3/167 1321/3/159 1323/3/818 1320/3/819
f 1320/3/819 1323/3/818 1324/3/820 1319/3/821
f 1319/3/821 1324/3/820 1322/3/181 1317/3/153
f 1326/3/175 1329/3/157 1331/3/822 1328/3/823
f 1328/3/823 1331/3/822 1332/3/824 1327/3/825
f 1327/3/825 1332/3/824 1330/3/165 1325/3/180
f 1321/3/159 1301/3/80 1303/3/80 1323/3/818
f 1323/3/818 1303/3/80 1304/3/80 1324/3/820
f 1324/3/820 1304/3/80 1302/3/80 1322/3/181
f 1483/3/152 1310/3/826 1312/3/827 1484/3/828
f 1484/3/828 1312/3/827 1311/3/829 1485/3/830
f 1485/3/830 1311/3/829 1309/3/831 1486/3/174
f 1487/3/169 1314/3/168 1316/3/832 1488/3/833
f 1488/3/833 1316/3/832 1315/3/834 1489/3/835
f 1489/3/835 1315/3/834 1313/3/836 1490/3/176
f 1306/3/80 1330/3/165 1332/3/824 1308/3/80
f 1308/3/80 1332/3/824 1331/3/822 1307/3/80
f 1307/3/80 1331/3/822 1329/3/157 1305/3/80
f 1341/3/183 1345/3/171 1347/3/837 1343/3/838
f 1343/3/838 1347/3/837 1348/3/839 1344/3/840
f 1344/3/840 1348/3/839 1346/3/161 1342/3/160
f 1334/3/177 1338/3/182 1340/3/841 1336/3/842
f 1336/3/842 1340/3/841 1339/3/843 1335/3/844
f 1335/3/844 1339/3/843 1337/3/185 1333/3/173
f 1301/3/178 1334/3/177 1336/3/842 1303/3/845
f 1303/3/845 1336/3/842 1335/3/844 1304/3/846
f 1304/3/846 1335/3/844 1333/3/173 1302/3/172
f 1345/3/171 1306/3/170 1308/3/847 1347/3/837
f 1347/3/837 1308/3/847 1307/3/848 1348/3/839
f 1348/3/839 1307/3/848 1305/3/166 1346/3/161
f 1460/3/156 1349/3/155 1351/3/849 1461/3/850
f 1461/3/850 1351/3/849 1352/3/851 1462/3/852
f 1462/3/852 1352/3/851 1350/3/206 1463/3/243
f 1464/3/207 1357/3/853 1359/3/854 1465/3/855
f 1465/3/855 1359/3/854 1360/3/856 1466/3/857
f 1466/3/857 1360/3/856 1358/3/858 1467/3/210
f 1389/3/226 1397/3/227 1399/3/859 1391/3/241
f 1391/3/241 1399/3/859 1400/3/860 1392/3/242
f 1392/3/242 1400/3/860 1398/3/229 1390/3/240
f 1397/3/227 1401/3/202 1403/3/861 1399/3/859
f 1399/3/859 1403/3/861 1404/3/862 1400/3/860
f 1400/3/860 1404/3/862 1402/3/230 1398/3/229
f 1401/3/202 1393/3/205 1395/3/863 1403/3/861
f 1403/3/861 1395/3/863 1396/3/864 1404/3/862
f 1404/3/862 1396/3/864 1394/3/196 1402/3/230
f 1373/3/232 1381/3/235 1383/3/865 1375/3/237
f 1375/3/237 1383/3/865 1384/3/866 1376/3/238
f 1376/3/238 1384/3/866 1382/3/193 1374/3/192
f 1381/3/235 1385/3/198 1387/3/867 1383/3/865
f 1383/3/865 1387/3/867 1388/3/868 1384/3/866
f 1384/3/866 1388/3/868 1386/3/236 1382/3/193
f 1385/3/198 1377/3/201 1379/3/869 1387/3/867
f 1387/3/867 1379/3/869 1380/3/870 1388/3/868
f 1388/3/868 1380/3/870 1378/3/209 1386/3/236
f 1349/3/155 1378/3/209 1380/3/870 1351/3/849
f 1351/3/849 1380/3/870 1379/3/869 1352/3/851
f 1352/3/851 1379/3/869 1377/3/201 1350/3/206
f 1156/3/85 1140/3/189 1408/3/871 1158/3/807
f 1158/3/807 1408/3/871 1407/3/872 1159/3/806
f 1159/3/806 1407/3/872 1405/3/266 1157/3/265
f 1393/3/205 1354/3/208 1356/3/873 1395/3/863
f 1395/3/863 1356/3/873 1355/3/874 1396/3/864
f 1396/3/864 1355/3/874 1353/3/197 1394/3/196
f 1414/3/220 1417/3/225 1419/3/875 1416/3/876
f 1416/3/876 1419/3/875 1420/3/877 1415/3/878
f 1415/3/878 1420/3/877 1418/3/212 1413/3/218
f 1422/3/222 1425/3/224 1427/3/879 1424/3/880
f 1424/3/880 1427/3/879 1428/3/881 1423/3/882
f 1423/3/882 1428/3/881 1426/3/215 1421/3/219
f 1491/3/217 1370/3/883 1372/3/884 1492/3/885
f 1492/3/885 1372/3/884 1371/3/886 1493/3/887
f 1493/3/887 1371/3/886 1369/3/888 1494/3/221
f 1357/3/80 1418/3/212 1420/3/877 1359/3/80
f 1359/3/80 1420/3/877 1419/3/875 1360/3/80
f 1360/3/80 1419/3/875 1417/3/225 1358/3/80
f 1495/3/216 1426/3/215 1428/3/881 1496/3/889
f 1496/3/889 1428/3/881 1427/3/879 1497/3/890
f 1497/3/890 1427/3/879 1425/3/224 1498/3/223
f 1421/3/219 1362/3/80 1364/3/80 1423/3/882
f 1423/3/882 1364/3/80 1363/3/80 1424/3/880
f 1424/3/880 1363/3/80 1361/3/80 1422/3/222
f 1148/3/191 1430/3/94 1432/3/729 1150/3/804
f 1150/3/804 1432/3/729 1431/3/731 1151/3/805
f 1151/3/805 1431/3/731 1429/3/82 1149/3/84
f 1152/3/77 1434/3/102 1436/3/733 1154/3/808
f 1154/3/808 1436/3/733 1435/3/735 1155/3/809
f 1155/3/809 1435/3/735 1433/3/95 1153/3/190
f 1160/3/264 1409/3/263 1412/3/891 1162/3/810
f 1162/3/810 1412/3/891 1411/3/892 1163/3/811
f 1163/3/811 1411/3/892 1145/3/260 1161/3/100
f 1149/3/84 202/3/81 212/3/87 1262/3/120
f 1145/3/260 1147/3/726 180/3/231 1410/3/195
f 1406/3/200 176/3/199 1142/3/725 1140/3/189
f 1191/3/738 1192/3/736 1442/3/39 1441/3/39
f 153/3/109 1164/3/80 1166/3/893 1443/3/894 1446/3/109
f 1192/3/736 1189/3/108 1440/3/39 1442/3/39
f 145/3/184 1444/3/895 1455/3/896
f 1438/3/76 152/3/111 1445/3/111 1447/3/76
f 152/3/111 153/3/109 1446/3/109 1445/3/111
f 1188/3/740 1191/3/738 1441/3/39 1439/3/39
f 145/3/184 127/3/81 1188/3/81 1444/3/895
f 1355/3/874 1466/3/857 1467/3/210 1353/3/197
f 1356/3/873 1465/3/855 1466/3/857 1355/3/874
f 1354/3/208 1464/3/207 1465/3/855 1356/3/873
f 1363/3/897 1462/3/852 1463/3/243 1361/3/898
f 1364/3/899 1461/3/850 1462/3/852 1363/3/897
f 1362/3/900 1460/3/156 1461/3/850 1364/3/899
f 1171/3/734 1458/3/746 1459/3/245 1169/3/92
f 1170/3/732 1457/3/744 1458/3/746 1171/3/734
f 1168/3/244 1456/3/246 1457/3/744 1170/3/732
f 1167/3/730 1455/3/901 1444/3/105 1165/3/83
f 1166/3/728 1455/3/901 1167/3/730
f 1437/3/163 145/3/184 1455/3/896 1166/3/902
f 116/3/81 1449/3/81 1453/3/81 206/3/81
f 1193/3/742 1456/3/246 1454/3/76 207/3/76
f 128/3/32 1189/3/108 1164/3/93 1459/3/245 1194/3/747
f 1361/3/898 1463/3/243 1449/3/81 116/3/81
f 171/3/31 1451/3/31 1452/3/31 172/3/31
f 170/3/31 1450/3/31 1451/3/31 171/3/31
f 115/3/76 1448/3/76 1467/3/210 1358/3/858
f 1357/3/853 1464/3/207 1450/3/31 170/3/31
f 172/3/31 1452/3/31 1460/3/156 1362/3/900
f 206/3/81 1453/3/81 1444/3/105 1188/3/81
f 207/3/76 1454/3/76 1448/3/76 115/3/76
f 1166/3/902 1164/3/80 1437/3/163
f 1166/3/893 1455/3/903 1444/3/903 1443/3/894
f 1368/3/904 1497/3/890 1498/3/223 1366/3/905
f 1367/3/906 1496/3/889 1497/3/890 1368/3/904
f 1365/3/907 1495/3/216 1496/3/889 1367/3/906
f 1416/3/876 1493/3/887 1494/3/221 1414/3/220
f 1415/3/878 1492/3/885 1493/3/887 1416/3/876
f 1413/3/218 1491/3/217 1492/3/885 1415/3/878
f 1328/3/823 1489/3/835 1490/3/176 1326/3/175
f 1327/3/825 1488/3/833 1489/3/835 1328/3/823
f 1325/3/180 1487/3/169 1488/3/833 1327/3/825
f 1320/3/819 1485/3/830 1486/3/174 1318/3/167
f 1319/3/821 1484/3/828 1485/3/830 1320/3/819
f 1317/3/153 1483/3/152 1484/3/828 1319/3/821
f 1200/3/908 1481/3/817 1482/3/257 1198/3/909
f 1199/3/910 1480/3/816 1481/3/817 1200/3/908
f 1197/3/911 1479/3/256 1480/3/816 1199/3/910
f 1198/3/909 1482/3/257 1478/3/76 208/3/76
f 120/3/179 1469/3/179 1479/3/256 1197/3/911
f 117/3/81 1499/3/81 1477/3/81 209/3/81
f 174/3/31 1475/3/31 1476/3/31 175/3/31
f 1366/3/905 1498/3/223 1499/3/81 117/3/81
f 119/3/76 1500/3/76 1494/3/221 1369/3/888
f 1370/3/883 1491/3/217 1474/3/31 173/3/31
f 173/3/31 1474/3/31 1475/3/31 174/3/31
f 175/3/31 1476/3/31 1495/3/216 1365/3/907
f 124/3/126 1469/3/179 1471/3/76 143/3/111
f 118/3/81 1468/3/81 1470/3/81 134/3/81
f 136/3/32 1473/3/32 1490/3/176 1313/3/836
f 134/3/81 1470/3/81 1486/3/174 1309/3/831
f 143/3/111 1471/3/76 1487/3/169 1325/3/180
f 133/3/32 1472/3/32 1473/3/32 136/3/32
f 1310/3/826 1483/3/152 1472/3/32 133/3/32
f 209/3/81 1477/3/81 1468/3/81 118/3/81
f 208/3/76 1478/3/76 1500/3/76 119/3/76
f 600/4/477 598/4/478 564/4/479 562/4/480
f 826/4/535 825/4/550 827/4/543 828/4/536
f 151/3/158 160/3/162 1342/3/160
f 1342/3/160 160/3/162 1344/3/840
f 160/3/162 1341/3/183 1343/3/838
f 1344/3/840 160/3/162 1343/3/838
f 158/3/148 163/3/164 1338/3/182
f 1338/3/182 163/3/164 1340/3/841
f 1340/3/841 163/3/164 1339/3/843
f 1339/3/843 163/3/164 1337/3/185
f 1018/4/674 1017/4/693 1019/4/686 1020/4/675
